run	1095
game	1032
two	880
inning	857
hit	842
first	804
three	666
season	604
one	482
start	448
four	410
last	408
right	393
five	357
homer	352
time	343
second	342
home	340
six	338
league	303
day	289
third	289
team	281
pitch	273
series	266
left	263
major	253
base	248
win	245
got	244
single	228
field	217
allowed	216
sox	216
yankee	214
seven	213
red	205
night	203
player	203
back	197
career	197
get	196
ball	191
since	187
era	185
manager	185
baseball	184
went	183
good	177
new	174
play	174
aVbyby	173
rbi	173
double	171
going	167
made	167
lead	164
rhp	164
fifth	162
eighth	159
walk	158
fourth	157
make	154
straight	151
streak	150
struck	149
associated	146
gave	141
mets	139
pitched	139
starter	139
homered	135
tuesday	135
eight	133
seventh	133
york	132
national	131
ninth	126
dodger	125
saturday	123
victory	123
way	123
came	121
center	121
city	121
big	120
record	119
year	119
triple	116
boston	114
ray	113
scored	113
hander	112
chicago	111
week	111
friday	110
sixth	110
white	110
bat	109
shot	109
sunday	106
could	101
end	101
monday	101
took	101
wednesday	101
high	100
hitter	99
pitcher	99
angeles	97
former	97
sport	97
really	96
batter	95
including	94
earned	93
save	93
bay	92
san	92
walked	92
old	91
reliever	91
injured	90
phillies	90
little	89
tampa	89
april	88
final	88
out	88
sabathia	88
hitting	86
know	86
los	86
best	85
lost	85
world	85
brave	84
later	83
even	81
jay	81
loss	81
added	80
star	80
take	80
injury	79
long	79
part	79
put	79
davis	78
early	78
lot	78
next	78
winning	78
american	77
bullpen	77
foot	77
royal	77
toronto	77
allowing	76
chris	76
state	76
strikeout	76
scoreless	75
still	75
trainer	74
beat	73
list	73
top	73
another	72
drove	72
nine	72
paxton	72
say	72
set	72
think	72
million	71
well	71
seattle	70
tiger	70
atlanta	69
catcher	69
cub	69
better	68
come	68
ended	68
outing	68
anderson	67
loaded	67
president	67
strike	67
texas	67
washington	67
average	66
guy	66
least	66
pinch	66
played	66
baseman	65
month	65
people	65
twin	65
blue	64
drive	64
getting	64
leading	64
past	64
pitching	64
pittsburgh	64
plate	64
throwing	64
great	63
led	63
stadium	63
around	62
fastball	62
lhp	62
oriole	62
padre	62
baltimore	61
mariner	61
robinson	61
threw	61
help	60
solo	60
started	60
strain	60
striking	60
surgery	60
thursday	60
open	59
shoulder	59
throw	59
want	59
fan	58
runner	58
spring	58
deep	57
lineup	57
philadelphia	57
cleveland	56
david	56
fly	56
kansa	56
kind	56
young	56
began	55
giving	55
losing	55
mike	55
park	55
ranger	55
return	55
thing	55
trying	55
arizona	54
batting	54
called	54
much	54
feel	53
may	53
houston	52
john	52
mcneil	52
without	52
angel	51
astros	51
consecutive	51
debut	51
diego	51
fielder	51
knee	51
many	51
marlin	51
see	51
starting	51
appearance	50
something	50
today	50
actor	49
cincinnati	49
club	49
coach	49
matt	49
minor	49
sale	49
work	49
deal	48
every	48
life	48
louis	48
opener	48
pirate	48
recalled	48
wall	48
held	47
indian	47
playing	47
rockies	47
scheduled	47
swing	47
cardinal	46
college	46
contract	46
finished	46
look	46
oakland	46
point	46
smith	46
worked	46
award	45
away	45
hour	45
minnesota	45
training	45
actress	44
bottom	44
diamondback	44
expected	44
felt	44
francisco	44
giant	44
give	44
hand	44
opening	44
place	44
scoring	44
told	44
aaron	43
brandon	43
championship	43
history	43
level	43
longest	43
martin	43
thought	43
ago	42
became	42
behind	42
black	42
champion	42
detroit	42
far	42
sacrifice	42
shortstop	42
try	42
visiting	42
ahead	41
colorado	41
error	41
followed	41
line	41
miami	41
mound	41
position	41
retired	41
rosario	41
bit	40
glove	40
host	40
making	40
school	40
tied	40
castro	39
dropped	39
found	39
hard	39
milwaukee	39
student	39
sure	39
title	39
yet	39
brewer	38
grounder	38
hitless	38
late	38
mark	38
spot	38
walking	38
alex	37
begin	37
catch	37
couple	37
ever	37
family	37
james	37
matz	37
name	37
never	37
puig	37
rehab	37
road	37
rookie	37
service	37
tyler	37
decision	36
doubled	36
graph	36
man	36
sanchez	36
teammate	36
used	36
winner	36
wood	36
change	35
despite	35
heart	35
helped	35
jose	35
michael	35
mlb	35
need	35
perfect	35
relief	35
row	35
strong	35
trump	35
twice	35
weekend	35
already	34
always	34
boone	34
elbow	34
enough	34
face	34
master	34
previous	34
though	34
town	34
university	34
according	33
callaway	33
candidate	33
closer	33
country	33
job	33
keep	33
middle	33
rest	33
score	33
able	32
adam	32
combined	32
coming	32
earlier	32
nick	32
reached	32
ryan	32
santana	32
singer	32
age	31
announced	31
entered	31
following	31
frazier	31
hernandez	31
issue	31
jackie	31
needed	31
number	31
opened	31
regular	31
short	31
trevor	31
use	31
walker	31
working	31
area	30
bad	30
chance	30
half	30
hope	30
josh	30
kept	30
luke	30
minute	30
opportunity	30
outfielder	30
struggling	30
umpire	30
war	30
ace	29
alonso	29
among	29
appeared	29
asked	29
connected	29
died	29
drew	29
extra	29
fell	29
harper	29
kevin	29
kyle	29
mexico	29
moment	29
nearly	29
placed	29
plan	29
pretty	29
price	29
recent	29
side	29
singled	29
tying	29
clemente	28
degrom	28
dugout	28
ground	28
leadoff	28
might	28
pearce	28
reach	28
round	28
several	28
sign	28
signed	28
tie	28
altuve	27
andrew	27
break	27
call	27
crowd	27
cup	27
done	27
le	27
looking	27
low	27
playoff	27
realmuto	27
reported	27
rock	27
roster	27
running	27
taking	27
tommy	27
tunica	27
turned	27
brad	26
cora	26
different	26
east	26
extended	26
find	26
fire	26
go	26
goal	26
head	26
let	26
looked	26
optioned	26
rain	26
shutout	26
support	26
sweep	26
united	26
afternoon	25
archer	25
bunt	25
cabrera	25
com	25
count	25
court	25
defensive	25
garcia	25
gray	25
kid	25
meadow	25
miller	25
move	25
saw	25
trout	25
woman	25
worst	25
zone	25
attack	24
believe	24
betting	24
brian	24
broke	24
casino	24
castillo	24
charlie	24
everything	24
front	24
healthcare	24
june	24
kershaw	24
kluber	24
known	24
miss	24
movie	24
news	24
pulled	24
robert	24
robertson	24
sent	24
severino	24
slam	24
thrown	24
total	24
toward	24
zack	24
assignment	23
austin	23
campaign	23
carlos	23
cashman	23
caught	23
child	23
cut	23
due	23
effort	23
ending	23
given	23
grand	23
improved	23
joe	23
jones	23
knew	23
lined	23
managed	23
musician	23
per	23
performance	23
power	23
presidential	23
probably	23
race	23
rallied	23
snell	23
struggled	23
track	23
visit	23
wanted	23
almost	22
anything	22
athlete	22
athletics	22
blake	22
conforto	22
continued	22
course	22
franchise	22
inflammation	22
marte	22
men	22
mile	22
mph	22
near	22
nimmo	22
peralta	22
perez	22
pick	22
public	22
reason	22
received	22
rival	22
situation	22
snapped	22
south	22
staff	22
stuff	22
tried	22
wheeler	22
whose	22
arrieta	21
bruce	21
charged	21
close	21
date	21
faced	21
finally	21
free	21
joey	21
jorge	21
lowe	21
mexican	21
missing	21
moved	21
pair	21
policy	21
press	21
reyes	21
role	21
rotation	21
safely	21
steve	21
system	21
tough	21
across	20
bell	20
body	20
bradley	20
brought	20
control	20
cost	20
deck	20
deficit	20
full	20
gallo	20
happy	20
jake	20
july	20
kingery	20
love	20
mediaadvertisement	20
none	20
offense	20
offer	20
overall	20
possible	20
post	20
ran	20
report	20
returned	20
salary	20
scott	20
showed	20
small	20
special	20
story	20
syndergaard	20
tossed	20
turn	20
wilson	20
allow	19
arrived	19
bench	19
betances	19
biggest	19
class	19
daniel	19
democratic	19
director	19
finale	19
gone	19
green	19
gurriel	19
hall	19
handed	19
house	19
infield	19
jeff	19
kimbrel	19
likely	19
local	19
luis	19
march	19
max	19
meeting	19
merrifield	19
missed	19
money	19
obviously	19
opposite	19
outside	19
paul	19
pederson	19
puerto	19
rally	19
rick	19
rodriguez	19
rule	19
saying	19
soccer	19
soon	19
stay	19
steven	19
stretch	19
taken	19
along	18
betts	18
bounced	18
bronx	18
car	18
case	18
chased	18
christian	18
continue	18
december	18
defense	18
edward	18
event	18
experience	18
golf	18
government	18
hamstring	18
inf	18
justin	18
keller	18
killed	18
lefty	18
leg	18
live	18
martinez	18
maybe	18
member	18
nothing	18
official	18
professional	18
quintana	18
raised	18
ramos	18
renteria	18
rezaj	18
seat	18
stop	18
strained	18
swept	18
taiwan	18
trade	18
twitter	18
video	18
wade	18
weather	18
arenado	17
article	17
beyond	17
calf	17
cap	17
closed	17
comeback	17
concern	17
corner	17
decided	17
diving	17
especially	17
eventually	17
facing	17
feeling	17
form	17
glasnow	17
group	17
hurt	17
included	17
judge	17
liner	17
medium	17
moncada	17
order	17
personal	17
picked	17
plus	17
putting	17
retire	17
room	17
schedule	17
show	17
statement	17
store	17
success	17
swinging	17
thomas	17
tiebreaking	17
together	17
tour	17
voit	17
warning	17
acu	16
air	16
athletic	16
basketball	16
beating	16
become	16
book	16
brown	16
business	16
comment	16
complete	16
confidence	16
cron	16
dave	16
dean	16
deshields	16
diaz	16
earn	16
ejected	16
failed	16
film	16
finish	16
football	16
fried	16
groin	16
instead	16
jacob	16
jam	16
jason	16
kemp	16
lopez	16
maile	16
mean	16
miguel	16
morton	16
myers	16
navajo	16
office	16
percent	16
potential	16
problem	16
ready	16
real	16
recruiting	16
rehabilitation	16
seeing	16
seen	16
segura	16
split	16
tell	16
tournament	16
verdugo	16
vince	16
within	16
agent	15
amateur	15
antonio	15
anyone	15
bellinger	15
blast	15
board	15
brett	15
budenholzer	15
california	15
chacin	15
cool	15
defeat	15
delivered	15
division	15
draft	15
drone	15
father	15
florida	15
force	15
gambling	15
gordon	15
hamilton	15
hick	15
holbrook	15
holding	15
jordan	15
large	15
leader	15
light	15
mid	15
monterrey	15
morning	15
ozuna	15
pedro	15
pete	15
pushed	15
rendon	15
result	15
sept	15
september	15
share	15
shift	15
slider	15
slugger	15
slump	15
solid	15
stripling	15
swanson	15
talk	15
tanaka	15
term	15
test	15
value	15
williams	15
wind	15
although	14
aug	14
baez	14
beginning	14
benintendi	14
bird	14
birthday	14
bob	14
born	14
bring	14
brother	14
bryce	14
cano	14
cash	14
challenge	14
completed	14
conference	14
contact	14
contest	14
corey	14
definitely	14
drought	14
everybody	14
fence	14
finger	14
foul	14
gou	14
haniger	14
hill	14
honor	14
however	14
hyde	14
independence	14
jim	14
jon	14
lasted	14
manfred	14
mind	14
mitch	14
moran	14
morehouse	14
mvp	14
network	14
nfl	14
north	14
nova	14
obama	14
party	14
pedroia	14
phone	14
prison	14
question	14
quickly	14
recorded	14
replaced	14
rivalry	14
roberto	14
sense	14
social	14
stayed	14
storm	14
taylor	14
tim	14
torres	14
transgender	14
trip	14
trouble	14
upper	14
using	14
velocity	14
whether	14
wife	14
word	14
acquired	13
advantage	13
anthony	13
available	13
avoid	13
belt	13
billion	13
bone	13
classic	13
clint	13
columbus	13
company	13
condition	13
considered	13
county	13
cuba	13
cuban	13
degree	13
descalso	13
designated	13
dozen	13
dozier	13
easy	13
edwin	13
entering	13
eric	13
everyone	13
extending	13
fall	13
federal	13
fenway	13
friend	13
greg	13
highlight	13
include	13
initially	13
jack	13
lindor	13
lower	13
machado	13
market	13
mississippi	13
montoyo	13
named	13
offseason	13
operation	13
others	13
outfield	13
pillar	13
pollock	13
positive	13
postponed	13
quality	13
reigning	13
remains	13
retiring	13
rugby	13
samardzija	13
sharp	13
sore	13
spent	13
stand	13
streaming	13
summer	13
surrendered	13
tauchman	13
thinking	13
throughout	13
trailed	13
veteran	13
watched	13
wrote	13
action	12
administration	12
advanced	12
albies	12
arm	12
attempt	12
becoming	12
breaking	12
celebrate	12
changeup	12
community	12
data	12
dominant	12
donaldson	12
england	12
eye	12
facility	12
figure	12
focus	12
gausman	12
george	12
greinke	12
hildenberger	12
homestand	12
idea	12
important	12
jersey	12
law	12
limited	12
load	12
longoria	12
lucas	12
markakis	12
mayor	12
mccutchen	12
mostly	12
moving	12
nation	12
neck	12
nice	12
oblique	12
option	12
originally	12
paid	12
pain	12
pannone	12
police	12
presschicago	12
pressnew	12
pressure	12
recently	12
revenue	12
righty	12
rogers	12
ruled	12
seemed	12
session	12
shop	12
showing	12
signing	12
steal	12
stole	12
stood	12
stopped	12
strasburg	12
threat	12
tightness	12
tonight	12
torn	12
trailing	12
watching	12
water	12
winker	12
worth	12
yelich	12
zquez	12
adding	11
agreed	11
allen	11
augusta	11
bank	11
bauer	11
bogaerts	11
building	11
campus	11
caratini	11
care	11
carrasco	11
celebration	11
central	11
chapman	11
chase	11
cheer	11
chief	11
clayton	11
clear	11
cody	11
comic	11
courtier	11
darling	11
daughter	11
death	11
dietrich	11
direction	11
draw	11
driving	11
either	11
else	11
erik	11
excited	11
extension	11
facebook	11
fanned	11
follow	11
franco	11
gagnon	11
gardner	11
gary	11
general	11
happened	11
harrison	11
immediately	11
incident	11
includes	11
january	11
kang	11
kapler	11
kendrick	11
latest	11
latino	11
learn	11
learned	11
leaving	11
lightning	11
maddon	11
match	11
matchup	11
met	11
mickey	11
minter	11
mistake	11
oklahoma	11
paddack	11
parent	11
pez	11
polanco	11
porcello	11
posted	11
primary	11
program	11
review	11
richard	11
rob	11
roger	11
ronald	11
seem	11
skid	11
someone	11
son	11
stanton	11
statistic	11
step	11
stock	11
street	11
sustained	11
talusan	11
tati	11
tee	11
triumph	11
vizcaino	11
weaver	11
west	11
yielded	11
addition	10
albanian	10
america	10
anniversary	10
apart	10
author	10
authority	10
avila	10
balance	10
ballpark	10
bar	10
berrios	10
bill	10
bryant	10
buchholz	10
built	10
cathedral	10
changed	10
channel	10
china	10
choice	10
cleared	10
clearing	10
complex	10
contributed	10
current	10
danny	10
decade	10
difficult	10
doctor	10
dustin	10
eduardo	10
entire	10
exactly	10
favorite	10
february	10
fill	10
fine	10
flew	10
flight	10
francona	10
freeman	10
gabe	10
galvis	10
giancarlo	10
girl	10
gonzalez	10
grace	10
happen	10
health	10
heat	10
heyward	10
honestly	10
hoping	10
hospital	10
huge	10
hunter	10
india	10
inside	10
insurance	10
jesse	10
joc	10
joined	10
jonathan	10
keeping	10
ken	10
king	10
launched	10
letter	10
lifted	10
longer	10
lose	10
manchester	10
manny	10
marathon	10
mchugh	10
melvin	10
message	10
moore	10
must	10
nearby	10
nunez	10
often	10
person	10
phoenix	10
postseason	10
pressboston	10
pro	10
profar	10
provide	10
quarter	10
ramirez	10
ranking	10
read	10
recovering	10
relationship	10
replay	10
reporter	10
returning	10
ring	10
rose	10
sector	10
senator	10
sentenced	10
serious	10
shut	10
sidelined	10
site	10
soft	10
space	10
stephen	10
strength	10
suspended	10
suspension	10
tax	10
tony	10
tornado	10
toss	10
traded	10
trial	10
whit	10
wide	10
wound	10
wrigley	10
wrong	10
xander	10
yasiel	10
yost	10
zach	10
zimmermann	10
acuna	9
address	9
amed	9
avisail	9
barely	9
batted	9
bauers	9
beckham	9
belief	9
ben	9
bid	9
billy	9
blew	9
box	9
boyd	9
bregman	9
brooklyn	9
budget	9
buffalo	9
camargo	9
capped	9
carolina	9
carpenter	9
carried	9
citizen	9
civil	9
coaching	9
color	9
command	9
commissioner	9
competition	9
concerned	9
continues	9
council	9
craig	9
damage	9
dating	9
dealing	9
defeated	9
defending	9
democrat	9
disney	9
email	9
established	9
estrada	9
evening	9
factor	9
farmer	9
franklin	9
fun	9
future	9
giles	9
giolito	9
gleyber	9
gore	9
grab	9
happ	9
helping	9
hern	9
hold	9
hoskins	9
hot	9
http	9
illness	9
image	9
infielder	9
institution	9
island	9
issued	9
jean	9
johnson	9
joining	9
juan	9
jumped	9
lagares	9
landed	9
laureano	9
lemahieu	9
leon	9
locker	9
marked	9
matched	9
matter	9
medical	9
multi	9
native	9
ndez	9
nextrhp	9
nicklaus	9
occurred	9
olympics	9
online	9
opponent	9
particularly	9
performed	9
pineda	9
pivetta	9
poor	9
pressatlanta	9
pull	9
queen	9
quite	9
ranked	9
rare	9
receive	9
relatively	9
republican	9
responded	9
revealed	9
ross	9
rough	9
safe	9
setting	9
shaky	9
shane	9
significant	9
snow	9
softball	9
sometimes	9
spur	9
successful	9
suero	9
suffered	9
tight	9
translator	9
unfortunately	9
vargas	9
version	9
wacha	9
watch	9
wear	9
weight	9
welcome	9
welsh	9
whatever	9
wieters	9
act	8
activity	8
adames	8
additional	8
advance	8
african	8
agreement	8
andujar	8
angioplasty	8
apiece	8
approach	8
arena	8
atlantic	8
attention	8
auction	8
australian	8
bag	8
barria	8
barrier	8
based	8
bessner	8
bet	8
bochy	8
broken	8
buehler	8
bumgarner	8
buxton	8
calling	8
capital	8
card	8
catching	8
century	8
ceremony	8
chairman	8
claim	8
clemens	8
comfortable	8
common	8
corbin	8
cozart	8
cross	8
cycle	8
declined	8
difference	8
distance	8
dream	8
drop	8
duda	8
dwight	8
editing	8
ejection	8
escaped	8
escobar	8
european	8
exited	8
expectation	8
fact	8
famer	8
farm	8
feat	8
fired	8
forearm	8
forward	8
freddy	8
french	8
friendly	8
gap	8
godley	8
gold	8
goodwin	8
groundout	8
gsellman	8
guard	8
guilty	8
gun	8
halted	8
handle	8
headed	8
healthy	8
hearn	8
highest	8
holder	8
hole	8
holland	8
hotel	8
inch	8
indianapolis	8
japan	8
jos	8
jung	8
key	8
killing	8
knocked	8
learning	8
leave	8
lynn	8
maikel	8
margot	8
masahiro	8
matthew	8
mix	8
momentum	8
mookie	8
muscle	8
musgrove	8
noah	8
non	8
nytimes	8
october	8
odor	8
offered	8
pacer	8
page	8
pas	8
passed	8
patriot	8
pattern	8
pga	8
political	8
practice	8
process	8
produced	8
proud	8
published	8
quick	8
racist	8
raising	8
rate	8
recording	8
recovered	8
removed	8
replace	8
reporting	8
required	8
rican	8
risk	8
schwarber	8
scratched	8
scully	8
seeking	8
servais	8
served	8
serving	8
settled	8
shirt	8
slated	8
slide	8
slow	8
slowed	8
snapping	8
stage	8
stat	8
steady	8
stent	8
stint	8
strategy	8
struggle	8
super	8
supposed	8
tagged	8
talking	8
teheran	8
terry	8
thornton	8
toe	8
tomorrow	8
turning	8
tweeted	8
unable	8
understand	8
unusual	8
urena	8
usually	8
variable	8
votto	8
wainwright	8
wearing	8
whole	8
wild	8
willy	8
wily	8
winter	8
wonder	8
ability	7
activated	7
active	7
actually	7
alfaro	7
amazing	7
andrus	7
ankle	7
association	7
atmosphere	7
august	7
avoided	7
background	7
backup	7
baldelli	7
basically	7
battle	7
biceps	7
blasted	7
border	7
bour	7
boy	7
broxton	7
build	7
bus	7
byron	7
caleb	7
cause	7
chen	7
chirinos	7
choi	7
clubhouse	7
committed	7
committee	7
confirmed	7
correa	7
dead	7
denver	7
department	7
depth	7
described	7
district	7
door	7
dropping	7
duggar	7
eflin	7
election	7
elvis	7
essentially	7
evidence	7
exciting	7
extend	7
favor	7
felipe	7
fernando	7
fight	7
financial	7
firefighter	7
fla	7
flower	7
forced	7
fox	7
freddie	7
fund	7
gallegos	7
gerardo	7
gonz	7
grandal	7
greene	7
grounded	7
hamels	7
hampson	7
happening	7
heard	7
heavy	7
honoring	7
hopefully	7
hug	7
human	7
immigration	7
improve	7
increase	7
involved	7
iowa	7
jaime	7
japanese	7
johan	7
join	7
junis	7
kiermaier	7
kikuchi	7
kitakyushu	7
lat	7
lez	7
longtime	7
marcus	7
meant	7
meanwhile	7
miley	7
misstated	7
mother	7
multiple	7
murder	7
ned	7
neighborhood	7
neill	7
neither	7
neris	7
nez	7
nomination	7
notice	7
nugget	7
opinion	7
outscored	7
owner	7
ozzie	7
paper	7
par	7
patrick	7
perhaps	7
peter	7
plane	7
pop	7
popped	7
pound	7
present	7
preserve	7
pressa	7
presstoronto	7
prior	7
progress	7
proposal	7
prosecutor	7
prospect	7
pulling	7
relative	7
remarkable	7
response	7
reynolds	7
rickard	7
ron	7
sat	7
sean	7
search	7
section	7
security	7
seed	7
self	7
send	7
setback	7
sharing	7
shooting	7
shortened	7
simulated	7
smile	7
southern	7
span	7
spanish	7
spoke	7
sprain	7
starling	7
supreme	7
surprised	7
sveum	7
swihart	7
tacked	7
talked	7
target	7
television	7
telling	7
ten	7
teoscar	7
tepera	7
territory	7
threatening	7
todd	7
traditional	7
treatment	7
tree	7
unearned	7
unexpected	7
valley	7
via	7
victim	7
victor	7
virginia	7
vogelbach	7
wait	7
waiting	7
wale	7
wander	7
wil	7
wore	7
worse	7
writer	7
writes	7
yeah	7
yearly	7
yoan	7
yuli	7
acknowledged	6
acquisition	6
adrian	6
albert	6
analyst	6
announcement	6
annual	6
anthopoulos	6
approached	6
approved	6
arguing	6
artery	6
asdrubal	6
ask	6
asking	6
assist	6
aware	6
bader	6
badly	6
bailey	6
ballgame	6
barack	6
baserunners	6
begun	6
belted	6
bigger	6
blood	6
bote	6
bowl	6
bundy	6
buttigieg	6
cabinet	6
calhoun	6
camp	6
carl	6
carry	6
caused	6
centre	6
certain	6
chad	6
champ	6
character	6
church	6
clean	6
closing	6
cole	6
compare	6
compared	6
congress	6
congressman	6
considering	6
consistent	6
conversation	6
convicted	6
cortisone	6
crashed	6
crew	6
crime	6
culture	6
curveball	6
declaration	6
defeating	6
dellin	6
derek	6
document	6
donald	6
doubleheader	6
drawing	6
dykstra	6
effect	6
effective	6
embrace	6
english	6
enjoy	6
eovaldi	6
erin	6
estabrook	6
evan	6
executive	6
explain	6
failing	6
failure	6
fair	6
familia	6
federer	6
fewer	6
finding	6
fouling	6
frank	6
freitas	6
galloway	6
gangster	6
garrett	6
garver	6
gibson	6
glenn	6
global	6
goodrum	6
greatest	6
greeted	6
growing	6
grown	6
growth	6
gwinnett	6
harder	6
harvey	6
hat	6
headline	6
hear	6
heredia	6
hey	6
higher	6
hockey	6
hometown	6
hosted	6
hosting	6
howie	6
hundred	6
hurdle	6
ian	6
immigrant	6
increasing	6
incredibly	6
index	6
indiana	6
indigenous	6
instagram	6
interest	6
international	6
interview	6
investigating	6
item	6
ivan	6
jacket	6
jacoby	6
jansen	6
javier	6
julio	6
juror	6
labrum	6
lacrosse	6
lake	6
lawsuit	6
leaping	6
leblanc	6
leclerc	6
legal	6
legally	6
lester	6
lewis	6
libby	6
lincoln	6
living	6
lowrie	6
luck	6
main	6
majority	6
male	6
manning	6
manuel	6
marco	6
margevicius	6
margin	6
mattingly	6
monthly	6
motion	6
nate	6
nathan	6
newman	6
nextpirates	6
nextrays	6
nicholas	6
nola	6
normal	6
noted	6
novel	6
obrador	6
offensive	6
officer	6
olson	6
organizer	6
original	6
ortiz	6
palka	6
paso	6
pay	6
percentage	6
perfectly	6
permitted	6
pham	6
picking	6
popularity	6
powerful	6
pressarlington	6
pressminneapolis	6
procedure	6
profile	6
provided	6
pujols	6
rafael	6
rainout	6
rank	6
rather	6
reaction	6
rebounded	6
reddick	6
rejoin	6
relay	6
released	6
remained	6
resume	6
reuters	6
reynaldo	6
rhys	6
rhythm	6
rico	6
river	6
robbie	6
rocco	6
safety	6
sam	6
sandy	6
saved	6
scare	6
scherzer	6
scholarship	6
selected	6
semien	6
sending	6
shoemaker	6
shortly	6
skipped	6
sliding	6
smoak	6
snap	6
snitker	6
sold	6
soria	6
speaking	6
spending	6
sporting	6
stealing	6
stellar	6
stepped	6
stolen	6
suddenly	6
supremacist	6
swung	6
syracuse	6
tanner	6
tapia	6
teacher	6
thompson	6
tip	6
tom	6
touch	6
towering	6
trey	6
trophy	6
true	6
truly	6
tsai	6
tulsa	6
ultimately	6
union	6
upon	6
vasquez	6
vazquez	6
vega	6
venter	6
voter	6
weapon	6
whenever	6
woe	6
yes	6
younger	6
youth	6
aaa	5
academy	5
access	5
add	5
admission	5
adopted	5
adult	5
afterward	5
aggressive	5
airport	5
alberto	5
alumnus	5
amount	5
anybody	5
apnews	5
appeal	5
appear	5
argument	5
art	5
assault	5
assistant	5
ausmus	5
awesome	5
battled	5
bear	5
becomes	5
believed	5
biddle	5
bombing	5
bonus	5
boost	5
booth	5
borucki	5
breakout	5
brennan	5
bringing	5
british	5
britton	5
broadcast	5
buck	5
bud	5
bureau	5
burst	5
calif	5
candelario	5
cannon	5
cannot	5
carson	5
certainly	5
cesar	5
check	5
clay	5
closely	5
cobb	5
colin	5
collect	5
collin	5
commission	5
compete	5
competitive	5
considers	5
consumer	5
content	5
contreras	5
contribution	5
convention	5
corresponding	5
critical	5
customer	5
dallas	5
dame	5
dan	5
darvish	5
davy	5
deifik	5
dejong	5
delgado	5
delino	5
delivery	5
desmond	5
determined	5
differently	5
digital	5
dirt	5
discomfort	5
discovered	5
disease	5
display	5
diversity	5
domingo	5
dominican	5
downtown	5
drafted	5
drug	5
eager	5
earnings	5
easily	5
eastern	5
eaton	5
eddie	5
education	5
effectively	5
elia	5
energy	5
espn	5
evaluated	5
example	5
expansion	5
fast	5
featuring	5
federation	5
fellow	5
fielding	5
fighting	5
filmmaker	5
flied	5
forecast	5
forget	5
fort	5
fracas	5
france	5
frustrating	5
frustration	5
gardenhire	5
german	5
gov	5
granted	5
greater	5
grew	5
grip	5
hardly	5
harry	5
heading	5
hector	5
hess	5
higashioka	5
highly	5
hip	5
historytoday	5
hoop	5
hoped	5
howard	5
hunt	5
ice	5
iglesias	5
impressive	5
independent	5
information	5
inserted	5
insisted	5
intentionally	5
introduced	5
investigation	5
investment	5
investor	5
involving	5
issuing	5
jackson	5
jeimer	5
jesus	5
journey	5
jumping	5
junior	5
kilometer	5
kintzler	5
kirby	5
kucherov	5
landing	5
language	5
largely	5
latissimus	5
lee	5
legacy	5
lehigh	5
leonys	5
leury	5
lgbt	5
lift	5
lining	5
location	5
louisiana	5
lourdes	5
lovullo	5
lucchesi	5
maduro	5
maldonado	5
mass	5
mckinney	5
medal	5
meet	5
mejia	5
melky	5
memory	5
modest	5
molina	5
morale	5
morgan	5
mountain	5
muncy	5
murphy	5
nba	5
nerve	5
newberry	5
newcomb	5
newsletter	5
nhl	5
nolan	5
northern	5
notre	5
november	5
odorizzi	5
offering	5
officially	5
older	5
onto	5
opposed	5
opposition	5
otherwise	5
outstanding	5
overcame	5
pablo	5
parker	5
passion	5
patient	5
paying	5
peace	5
penalty	5
pennsylvania	5
period	5
picture	5
piscotty	5
planned	5
plenty	5
pointed	5
pole	5
pomona	5
powered	5
pregame	5
presslos	5
pressphiladelphia	5
pressphoenix	5
presssan	5
presstoday	5
private	5
produce	5
producer	5
providing	5
push	5
quarterback	5
rachel	5
recovery	5
redmen	5
relation	5
relieved	5
remove	5
repair	5
replacement	5
represents	5
restaurant	5
retirement	5
retroactive	5
ricans	5
ripped	5
rise	5
roark	5
rocky	5
rod	5
rolling	5
roomathletics	5
roomblue	5
roommets	5
roomorioles	5
roomrays	5
roomyankees	5
roosevelt	5
rosenthal	5
routine	5
sampson	5
scatterplot	5
seek	5
selection	5
sell	5
senate	5
shadow	5
sharon	5
shifted	5
ship	5
shoot	5
shortest	5
simon	5
simple	5
sister	5
skaggs	5
slid	5
slowly	5
smooth	5
soreness	5
sort	5
sought	5
speak	5
specialist	5
sprained	5
squirrel	5
standing	5
stewart	5
stranded	5
strategist	5
stroke	5
strop	5
study	5
style	5
suffering	5
sugar	5
suzuki	5
sweeping	5
tacoma	5
taser	5
tear	5
technology	5
tends	5
tennis	5
thousand	5
timetable	5
timing	5
tipping	5
tokyo	5
ton	5
topped	5
touched	5
trading	5
trend	5
tripled	5
troy	5
tukes	5
turner	5
uniform	5
unique	5
update	5
us	5
user	5
valuable	5
velasquez	5
view	5
visited	5
wake	5
warming	5
weak	5
weird	5
widow	5
woodward	5
worn	5
worry	5
wounded	5
www	5
yadier	5
yarbrough	5
yates	5
youngster	5
zimmerman	5
absence	4
abuse	4
accomplish	4
acting	4
activist	4
adjust	4
adjusted	4
affair	4
agency	4
alcantara	4
alone	4
andy	4
anibal	4
announce	4
answer	4
anti	4
anytime	4
anyway	4
appears	4
appreciation	4
argued	4
arithmetic	4
armstrong	4
arrested	4
ash	4
aspect	4
attendance	4
attract	4
audience	4
axis	4
backstop	4
barrel	4
battling	4
beasley	4
beltre	4
benefit	4
beverly	4
bieber	4
birmingham	4
blackmon	4
blanked	4
bleacher	4
bloop	4
blow	4
botham	4
bounce	4
boxberger	4
bradenton	4
brief	4
britain	4
broad	4
broadcaster	4
bruised	4
buckley	4
bump	4
burnes	4
bush	4
cable	4
cage	4
canyon	4
captain	4
cariker	4
cashner	4
cast	4
castellanos	4
cavalier	4
chafin	4
chamber	4
chameleon	4
changing	4
charge	4
cheered	4
chemical	4
chest	4
chile	4
christin	4
cited	4
civilian	4
cleat	4
clicking	4
collection	4
column	4
complaint	4
completely	4
concussion	4
conduct	4
consistently	4
construction	4
contender	4
convertino	4
costly	4
coughed	4
crash	4
cricket	4
crisp	4
crush	4
culberson	4
currently	4
dazzling	4
debate	4
declared	4
delay	4
dell	4
demoted	4
describe	4
devers	4
diamond	4
disappointing	4
disaster	4
discipline	4
dorsi	4
dramatic	4
drawn	4
drilled	4
driven	4
dylan	4
ease	4
easier	4
economy	4
elected	4
eligible	4
elsewhere	4
encouraging	4
englert	4
enter	4
entertainment	4
entirely	4
environment	4
epstein	4
erasmo	4
erupted	4
ervin	4
estadio	4
estimated	4
examination	4
except	4
exchange	4
excitement	4
exit	4
expect	4
expert	4
explanation	4
falefa	4
feature	4
female	4
festival	4
fewest	4
filled	4
fillmyer	4
flag	4
flare	4
fletcher	4
floor	4
ford	4
forest	4
forsythe	4
fouled	4
foundation	4
foxconn	4
fraction	4
frame	4
frankie	4
freeland	4
freese	4
friendship	4
gain	4
gathering	4
georgia	4
germany	4
glad	4
golfer	4
gotten	4
grabbed	4
grade	4
gregory	4
greiner	4
grow	4
guideline	4
hanny	4
happens	4
harvard	4
heavily	4
heel	4
herrera	4
hinch	4
hirano	4
historically	4
hottest	4
hovland	4
iconic	4
ideal	4
identical	4
importance	4
improvement	4
inevitable	4
injuring	4
insurer	4
interference	4
isbol	4
israel	4
jared	4
jeffrey	4
jennifer	4
jeremy	4
jeurys	4
jimenez	4
jin	4
joakim	4
joaquin	4
jonny	4
juli	4
jurickson	4
kelly	4
kenley	4
kennedy	4
keon	4
ketel	4
kimel	4
kiner	4
knowing	4
kole	4
kramer	4
kuomintang	4
la	4
labored	4
lambert	4
lane	4
larger	4
largest	4
launch	4
lawyer	4
leaguer	4
legislature	4
lifting	4
like	4
limit	4
liverpool	4
lucie	4
luther	4
mahtook	4
mallex	4
marcell	4
marketing	4
marquez	4
massachusetts	4
massive	4
matching	4
mazu	4
mcfarland	4
memorable	4
michigan	4
mild	4
milestone	4
military	4
minimum	4
minneapolis	4
minority	4
mission	4
monster	4
montas	4
mormon	4
mri	4
multihit	4
multihomer	4
music	4
nadal	4
nazi	4
necessary	4
neverauskas	4
nextathletics	4
nextcardinals	4
nextindians	4
nickname	4
nifty	4
niko	4
nonbinary	4
normally	4
occasion	4
offensively	4
oil	4
oldest	4
olympic	4
orleans	4
oswalt	4
outlier	4
ovation	4
overturned	4
palestinian	4
particular	4
partner	4
pat	4
perform	4
peterson	4
phegley	4
phelps	4
philippine	4
phillips	4
physical	4
physically	4
pickoff	4
pleaded	4
please	4
poised	4
poll	4
pompey	4
posting	4
predicted	4
premier	4
presskansas	4
pressly	4
pressmiami	4
presswashington	4
prime	4
pritha	4
proceeded	4
professor	4
programming	4
project	4
proved	4
publishing	4
qpr	4
quad	4
quantitative	4
quiet	4
radar	4
radical	4
raise	4
range	4
reading	4
receiving	4
recruit	4
regarding	4
regional	4
related	4
remember	4
renato	4
reno	4
renovation	4
rent	4
resident	4
respect	4
restrained	4
resumed	4
reutersgore	4
reveal	4
rez	4
ricocheted	4
riding	4
rizzo	4
rocketed	4
roomdiamondbacks	4
roomindians	4
roompirates	4
roughed	4
rougned	4
rourke	4
rush	4
russell	4
sal	4
salt	4
sarkar	4
scene	4
science	4
scranton	4
screen	4
seager	4
secretary	4
secure	4
seems	4
senior	4
sentence	4
severe	4
sharpton	4
shibe	4
shoe	4
shy	4
signal	4
silence	4
similar	4
simply	4
sinker	4
sinking	4
sit	4
sitting	4
size	4
sloppy	4
slugging	4
slumping	4
smaller	4
somebody	4
somewhat	4
songwriter	4
speaker	4
speech	4
speed	4
splitter	4
spokesman	4
springer	4
square	4
stanford	4
starred	4
status	4
straightaway	4
strange	4
stress	4
stretched	4
stroman	4
structure	4
succeed	4
sudden	4
suit	4
supporter	4
surge	4
suspect	4
suspected	4
swalwell	4
taillon	4
taste	4
temperature	4
tend	4
tendinitis	4
terrible	4
testify	4
threshold	4
thrilled	4
ticket	4
topic	4
tossing	4
toussaint	4
tower	4
tradition	4
transition	4
travis	4
trent	4
tulowitzki	4
typical	4
tyson	4
unacceptable	4
unconventional	4
understanding	4
upset	4
uria	4
venue	4
vice	4
visitor	4
voting	4
waited	4
walter	4
watson	4
waugh	4
website	4
wendle	4
wilkes	4
willing	4
willson	4
wingenter	4
winn	4
wish	4
woodruff	4
worker	4
wrap	4
wright	4
wrist	4
yard	4
yasmani	4
yelling	4
yesterday	4
yolmer	4
yonder	4
yonny	4
yoshihisa	4
youtube	4
yusei	4
zobrist	4
aVbymets	3
abraham	3
abreu	3
absent	3
absolutely	3
accept	3
accomplished	3
achieved	3
achilles	3
adalberto	3
addressing	3
adjustment	3
admitted	3
adviser	3
afford	3
africa	3
alabama	3
alexander	3
alike	3
alive	3
ally	3
alongside	3
alto	3
amid	3
andre	3
andrei	3
animal	3
animated	3
announcing	3
annually	3
anthem	3
antitrust	3
antonia	3
anxious	3
anywhere	3
apartment	3
appreciate	3
approval	3
archie	3
arkansas	3
arlington	3
armstrongphiladelphia	3
army	3
arodys	3
aroldis	3
arrive	3
arriving	3
assad	3
assigned	3
associate	3
attempted	3
attend	3
attending	3
attracted	3
atv	3
aviation	3
babe	3
banged	3
basepath	3
baylor	3
beach	3
bed	3
behavior	3
beijing	3
beisbol	3
beloved	3
beltran	3
benchmark	3
benefited	3
bergen	3
berger	3
bernie	3
berreth	3
besides	3
beto	3
biasi	3
birth	3
blass	3
blockage	3
blocked	3
blustery	3
boast	3
bomb	3
booted	3
bothered	3
boxing	3
brantley	3
brasier	3
breathing	3
bright	3
brinson	3
brocail	3
bronco	3
buckling	3
bull	3
bumped	3
burdi	3
burr	3
bye	3
cain	3
caliber	3
cam	3
canadian	3
cancer	3
capitalized	3
capture	3
careful	3
cfra	3
chafee	3
chanting	3
checked	3
cheering	3
chinese	3
cimber	3
circle	3
claimed	3
clevinger	3
climbed	3
clinched	3
closest	3
clutch	3
coached	3
collapse	3
collected	3
collided	3
colom	3
columnist	3
combination	3
commentator	3
committing	3
completing	3
confederate	3
confident	3
congressional	3
connecticut	3
connecting	3
connection	3
connor	3
conservative	3
consultant	3
cooled	3
counsell	3
counter	3
cousin	3
covered	3
cowboy	3
crack	3
creates	3
creating	3
credit	3
crossing	3
crowded	3
crucial	3
crushed	3
cruz	3
cushion	3
custom	3
dakota	3
dale	3
damaged	3
dangerous	3
dansby	3
debacle	3
debris	3
decide	3
dee	3
deflected	3
delabar	3
delayed	3
delivering	3
demonstrated	3
deny	3
depleted	3
desk	3
determine	3
develop	3
didi	3
die	3
dillon	3
disabled	3
disappointed	3
disappointment	3
dive	3
dog	3
doll	3
doubt	3
doug	3
douglas	3
dovydas	3
duffey	3
duke	3
dumped	3
dyson	3
economic	3
edict	3
editor	3
editorial	3
eickhoff	3
elimination	3
eloy	3
embarrassing	3
emotional	3
employee	3
emptied	3
empty	3
encarnaci	3
engel	3
ensure	3
erase	3
erased	3
erasing	3
escape	3
escaping	3
essay	3
establishing	3
estimate	3
everyday	3
excellent	3
excluded	3
executed	3
exemption	3
expand	3
expecting	3
expects	3
faa	3
falcon	3
falling	3
fame	3
familiar	3
famous	3
fantastic	3
farther	3
fear	3
fedex	3
fictional	3
fieldhouse	3
filipino	3
finishing	3
firework	3
firing	3
fist	3
fix	3
flaherty	3
flashed	3
flat	3
flooding	3
flow	3
flu	3
flying	3
flyout	3
focused	3
foltynewicz	3
forecaster	3
foster	3
founded	3
fractured	3
fred	3
freedom	3
frustrated	3
fsu	3
funky	3
gabriel	3
gained	3
garc	3
gathered	3
gene	3
generated	3
generation	3
gift	3
god	3
golden	3
golfing	3
grader	3
grass	3
greet	3
gregorius	3
grichuk	3
grime	3
groove	3
groundball	3
grounding	3
guarantee	3
guerra	3
gust	3
gym	3
hair	3
halt	3
handers	3
hanser	3
harrah	3
harughty	3
hawk	3
healy	3
hearing	3
heater	3
hedge	3
hispanic	3
historic	3
holiday	3
honored	3
hughes	3
hulu	3
hung	3
hustle	3
hyun	3
iannetta	3
illegal	3
impossible	3
improbable	3
improving	3
inc	3
income	3
inconsistent	3
incredible	3
indicated	3
inducing	3
industry	3
infection	3
informed	3
instance	3
instant	3
insult	3
intended	3
intensity	3
islander	3
jakob	3
jameson	3
jan	3
javy	3
jaw	3
jed	3
jerad	3
jet	3
jewelry	3
jhoulys	3
jimmy	3
johnny	3
joint	3
jordy	3
joseph	3
justice	3
kahnle	3
karns	3
kela	3
kenta	3
keone	3
kepnerthe	3
kick	3
kingham	3
knocking	3
koepka	3
kolarek	3
kolten	3
kratz	3
laceration	3
lance	3
land	3
landfill	3
landmark	3
latin	3
leadership	3
leake	3
lean	3
legislative	3
library	3
libya	3
lie	3
liga	3
limiting	3
listed	3
listened	3
lived	3
lock	3
locked	3
logo	3
lone	3
lorenzen	3
lou	3
lowered	3
lowest	3
lumbar	3
lyles	3
madison	3
maeda	3
mahle	3
management	3
mancini	3
manhattan	3
manufacturer	3
marwin	3
maryland	3
mascot	3
mason	3
mcgill	3
measure	3
measured	3
mention	3
mercer	3
mess	3
meter	3
mexicana	3
mikie	3
mindset	3
minimal	3
misidentified	3
misplayed	3
mitt	3
mock	3
model	3
modern	3
mom	3
moreland	3
moreno	3
morris	3
morrow	3
movement	3
mulkey	3
multiyear	3
nature	3
nchez	3
necessarily	3
negative	3
neil	3
nelson	3
neshek	3
netflix	3
newcomer	3
nextlhp	3
nextmets	3
nextorioles	3
nextrockies	3
nextyankees	3
nikita	3
northridge	3
notched	3
noticed	3
nowhere	3
odds	3
odubel	3
ohio	3
omar	3
operating	3
opposing	3
optimism	3
optimistic	3
oracle	3
orbit	3
ordered	3
organized	3
outdoor	3
overcome	3
overrode	3
owings	3
owned	3
pace	3
paris	3
parra	3
passage	3
pastime	3
patent	3
patron	3
payroll	3
pencil	3
penguin	3
penney	3
penny	3
performing	3
personnel	3
phil	3
piled	3
pinstriped	3
plain	3
plantar	3
planted	3
platform	3
plaza	3
politician	3
politics	3
poorest	3
poorly	3
popovich	3
popular	3
porch	3
pose	3
possibility	3
postponement	3
pounded	3
ppdthe	3
preferred	3
presence	3
pressdetroit	3
presshouston	3
pressmonterrey	3
pressst	3
previously	3
pride	3
privacy	3
prize	3
probable	3
product	3
progressive	3
prohibit	3
prohibited	3
projected	3
prominent	3
promise	3
promobeis	3
promote	3
promotion	3
pronoun	3
protecting	3
prove	3
pulitzer	3
pumped	3
punch	3
purchase	3
pushing	3
putin	3
qualify	3
raced	3
raimel	3
randal	3
rapper	3
realized	3
reasonable	3
rebound	3
recalling	3
reclaim	3
reduce	3
referee	3
referred	3
regardless	3
region	3
regulation	3
reinstated	3
release	3
relentless	3
reliable	3
remembered	3
reminder	3
rep	3
replacing	3
representative	3
republic	3
rescheduled	3
research	3
reservation	3
reserve	3
residential	3
respond	3
responsible	3
rev	3
richards	3
roadrunner	3
rochester	3
rojas	3
roll	3
rondon	3
roof	3
roomangels	3
roomroyals	3
roomtigers	3
roughly	3
rounded	3
rounding	3
routed	3
rubber	3
rubio	3
rudaj	3
ruiz	3
ruling	3
russian	3
ruth	3
ryne	3
ryu	3
sadzeck	3
sail	3
sailing	3
samantha	3
sano	3
sarah	3
scale	3
scandal	3
schmidt	3
script	3
seating	3
sen	3
senzatela	3
separated	3
serve	3
seth	3
sexual	3
shaken	3
shallow	3
shawn	3
shelby	3
shildt	3
shin	3
shorter	3
shout	3
shoved	3
shrugged	3
shutting	3
significance	3
simmons	3
sits	3
skill	3
sleep	3
slip	3
slugged	3
snead	3
snowed	3
sny	3
sobotka	3
society	3
socked	3
sogard	3
soler	3
somali	3
song	3
sonny	3
sooner	3
sophomore	3
sparked	3
sparkman	3
speaks	3
spoiled	3
spoken	3
springfield	3
squeeze	3
staggering	3
stamkos	3
stanek	3
starbucks	3
statewide	3
steered	3
sterling	3
stiffness	3
stone	3
stream	3
string	3
stroked	3
stuck	3
stumbled	3
subscription	3
successfully	3
suggesting	3
sun	3
sunglass	3
superstar	3
supported	3
supportive	3
surprise	3
surprisingly	3
surveillance	3
sweet	3
swimming	3
syria	3
taiwanese	3
talent	3
tank	3
temporary	3
tense	3
terrorist	3
testing	3
thames	3
thank	3
thanks	3
theater	3
thin	3
thumb	3
thus	3
tier	3
tighten	3
timeline	3
tiny	3
toby	3
tool	3
torey	3
totaled	3
tougher	3
tourist	3
treadmill	3
tribute	3
trimmed	3
underwhelming	3
universal	3
unlike	3
unsuccessful	3
upside	3
usual	3
vacant	3
valuation	3
vehicle	3
venezuela	3
venezuelan	3
verlander	3
versus	3
viewing	3
volunteer	3
waist	3
wang	3
warner	3
warren	3
warrior	3
wealth	3
webb	3
weighed	3
welcomed	3
welington	3
western	3
wet	3
widely	3
wilkerson	3
william	3
window	3
wisconsin	3
wishing	3
woke	3
wong	3
wooden	3
workout	3
worried	3
yield	3
zunino	3
aVbybraves	2
aVbyon	2
aVbyphillies	2
aVbyyankees	2
abandoned	2
abbreviated	2
aboard	2
abroad	2
abruptly	2
academic	2
accent	2
acceptance	2
accident	2
accomplishment	2
account	2
accused	2
achieve	2
acquaintance	2
actual	2
adjacent	2
adjusting	2
administrator	2
admire	2
adopt	2
adventurous	2
adversity	2
advocate	2
agassi	2
agony	2
agree	2
aguilar	2
aide	2
aided	2
ailingthe	2
ailment	2
aimed	2
aircraft	2
aired	2
airspace	2
alan	2
albania	2
albeit	2
albers	2
alcohol	2
aldean	2
ali	2
allegation	2
alleged	2
allegedly	2
allows	2
altercation	2
alvarado	2
alvarez	2
amarillo	2
amir	2
amy	2
anaheim	2
anchor	2
anchored	2
andriese	2
angle	2
announcer	2
anonymity	2
anticipated	2
anticompetitive	2
apache	2
apollo	2
apparent	2
apparently	2
applause	2
application	2
arano	2
archive	2
artist	2
asher	2
aside	2
assassination	2
asset	2
assistance	2
astronaut	2
astudillo	2
atkins	2
atop	2
attended	2
attorney	2
australia	2
authorized	2
autism	2
auto	2
avil	2
avisa	2
avoiding	2
awaited	2
awaits	2
awarded	2
baby	2
backdoor	2
backdrop	2
backfired	2
backthe	2
bail	2
balk	2
balloting	2
bambino	2
bandit	2
bang	2
banned	2
banner	2
barber	2
bargain	2
barnette	2
barraclough	2
barrage	2
barre	2
barren	2
barros	2
bart	2
baseballby	2
basement	2
baserunner	2
bashar	2
basic	2
beaten	2
beautiful	2
beauty	2
beauvoir	2
bedrosian	2
beefy	2
belgrade	2
believing	2
bellino	2
belonged	2
belongs	2
beltr	2
benavides	2
bend	2
benfica	2
benjamin	2
bennett	2
biagini	2
billed	2
biotech	2
birdie	2
bitter	2
blacked	2
blackmun	2
blame	2
blaze	2
bleier	2
blister	2
blizzard	2
blond	2
bloom	2
blowing	2
blown	2
bluegrass	2
blundersboth	2
boarding	2
bobblehead	2
bogey	2
bolster	2
bolt	2
boo	2
boot	2
bottomed	2
bought	2
boulevard	2
bouncing	2
boundary	2
brace	2
brach	2
branch	2
breakfast	2
breakthrough	2
brendon	2
brent	2
bribe	2
brice	2
brick	2
briefly	2
brien	2
brighter	2
brilliance	2
brings	2
broadway	2
brook	2
bruin	2
bruise	2
bucket	2
buddy	2
bunch	2
burned	2
businessman	2
businessmen	2
bust	2
buster	2
butler	2
button	2
buttrey	2
caesar	2
cahill	2
calendar	2
campbell	2
canceled	2
candidacy	2
capitol	2
captured	2
cargo	2
carle	2
carrying	2
carted	2
casali	2
catchy	2
catholic	2
caughtji	2
causing	2
cedeno	2
ceiling	2
celebrity	2
cell	2
cent	2
centennial	2
centimeter	2
cervelli	2
chair	2
challenged	2
challenger	2
chaotic	2
charger	2
charlotte	2
charming	2
chaz	2
cherokee	2
cherry	2
chilly	2
chipped	2
chizu	2
choo	2
choose	2
choosing	2
chrinos	2
chronicle	2
cigarette	2
cisgender	2
cishek	2
claire	2
clanged	2
clark	2
clawing	2
clearly	2
clicked	2
climbing	2
clinton	2
clubbed	2
clubbing	2
coast	2
coaxed	2
cognac	2
cold	2
colleague	2
colo	2
colony	2
colorful	2
columbia	2
comebacker	2
comedian	2
comey	2
comparison	2
competitor	2
compiled	2
complication	2
concentration	2
concert	2
conclusion	2
concourse	2
condemned	2
confirm	2
confronted	2
congratulation	2
conley	2
consider	2
consideration	2
constant	2
constantly	2
consumption	2
contemporary	2
contribute	2
converged	2
conviction	2
convinced	2
corporation	2
costing	2
coughing	2
counsel	2
counting	2
cover	2
covering	2
craftsman	2
crazy	2
created	2
criminal	2
crisis	2
criterion	2
critically	2
criticism	2
crosby	2
cruised	2
crumpled	2
cry	2
cubic	2
cucamonga	2
cuff	2
curse	2
curt	2
curtis	2
cutter	2
dad	2
daffodil	2
dahl	2
dalton	2
damaging	2
damn	2
damp	2
dance	2
danger	2
deadline	2
deadly	2
dealt	2
debuted	2
dec	2
decides	2
decline	2
dedicated	2
deity	2
deliver	2
demand	2
democracy	2
denied	2
departed	2
depending	2
derby	2
dereck	2
desclafani	2
describes	2
describing	2
desert	2
deserve	2
desire	2
detail	2
devastating	2
development	2
devil	2
diet	2
difficulty	2
dimension	2
diminished	2
diner	2
diplomatic	2
dipped	2
dipping	2
directly	2
disagreement	2
disappear	2
disapproved	2
discourage	2
discussing	2
discussion	2
dish	2
dispute	2
distraction	2
ditch	2
diverted	2
divided	2
divisional	2
dji	2
dodged	2
doffed	2
dolan	2
dollar	2
dominance	2
dominated	2
dominic	2
donalsdon	2
doneafter	2
donor	2
doolittle	2
dot	2
doubling	2
doubter	2
down	2
drastically	2
dravid	2
dressed	2
drinking	2
drury	2
dry	2
dubbed	2
duck	2
dueled	2
duffy	2
dump	2
eagerly	2
earning	2
earthquake	2
eating	2
ebbets	2
edge	2
edinson	2
edition	2
efficient	2
ehv	2
eichmann	2
ekstrand	2
electric	2
element	2
elliott	2
ellsbury	2
embraced	2
embracing	2
emergency	2
emma	2
emotion	2
empathy	2
empire	2
employed	2
employment	2
encouraged	2
endeavor	2
ender	2
endless	2
endorsed	2
energetic	2
engaged	2
enhancing	2
enjoying	2
enroll	2
enrolled	2
entertaining	2
entrance	2
episode	2
equal	2
equality	2
erratic	2
essence	2
ethan	2
etiquette	2
europe	2
evaluate	2
evened	2
everywhere	2
evolution	2
exact	2
exclamation	2
exclusionary	2
executing	2
exhibition	2
exhilerating	2
expanding	2
experiencing	2
experimental	2
explained	2
explaining	2
explains	2
exploded	2
exploring	2
exposed	2
express	2
expressed	2
externally	2
extremely	2
fails	2
faith	2
fallen	2
false	2
fanning	2
fared	2
fascia	2
fashioned	2
faster	2
favored	2
favoring	2
favourite	2
fbi	2
feared	2
fee	2
feed	2
feedback	2
felix	2
fella	2
fest	2
fever	2
fiance	2
fiesta	2
figuring	2
filed	2
flame	2
flash	2
fled	2
flip	2
floated	2
floating	2
flyball	2
foe	2
foiled	2
food	2
footage	2
forbes	2
forcing	2
forney	2
forth	2
forthcoming	2
fortier	2
fortunately	2
fought	2
fountain	2
francis	2
franmil	2
fraud	2
frazee	2
freeze	2
frequently	2
fresno	2
frozen	2
fry	2
fubo	2
fueled	2
fuller	2
fully	2
function	2
futility	2
gabbard	2
gallagher	2
gamble	2
gambler	2
gang	2
garage	2
gas	2
gate	2
gather	2
gatland	2
gay	2
gearing	2
gem	2
gender	2
generational	2
genetically	2
gingrich	2
giovanny	2
giveblue	2
glance	2
globe	2
goddess	2
godfrey	2
goldschmidt	2
gop	2
gotta	2
governing	2
governor	2
gradually	2
graduate	2
graduated	2
grandfather	2
grandmother	2
grandparent	2
grant	2
graphic	2
grappling	2
grasped	2
grayson	2
greek	2
grocery	2
guaranteed	2
guayama	2
guccione	2
guduan	2
guest	2
guide	2
guillermo	2
gyorko	2
habit	2
hailed	2
halftime	2
halfway	2
hamate	2
handgun	2
handled	2
handshake	2
hanging	2
hannah	2
hannon	2
harm	2
harness	2
haul	2
havana	2
hbcus	2
hbo	2
headdress	2
headingley	2
hearne	2
hearst	2
heath	2
heavyweight	2
heisman	2
hellickson	2
helmet	2
hendricks	2
herbert	2
herman	2
hernan	2
hessney	2
hiccup	2
hike	2
hiking	2
hillary	2
hogan	2
hollered	2
hollywood	2
holocaust	2
holt	2
homeland	2
homering	2
honeywell	2
honorable	2
horse	2
hosmer	2
hostage	2
hostile	2
household	2
housing	2
hudson	2
humiliation	2
iceberg	2
identifies	2
identify	2
ignominious	2
ildemaro	2
illustrated	2
imaging	2
impact	2
implant	2
impressed	2
impression	2
incentive	2
inciarte	2
inclement	2
incorrectly	2
increased	2
indeed	2
individual	2
individualsgolf	2
induced	2
inducted	2
informal	2
ing	2
initial	2
inmate	2
inspection	2
inspiration	2
inspire	2
instinct	2
intent	2
interaction	2
interior	2
internally	2
interpreter	2
intervention	2
intimidation	2
introduce	2
invested	2
investigator	2
invitation	2
ioc	2
ireland	2
iron	2
irwin	2
isaac	2
isiah	2
italian	2
itwade	2
jail	2
jammed	2
jane	2
jar	2
jarrod	2
jeep	2
jefferson	2
jeffress	2
jen	2
jew	2
jewish	2
jogging	2
joked	2
joy	2
julia	2
julien	2
junky	2
jury	2
karlsson	2
keith	2
kelli	2
kendrys	2
kentucky	2
kevan	2
kevorkian	2
keynote	2
khris	2
kidding	2
kim	2
kiss	2
kolkata	2
korea	2
kris	2
kyushu	2
lacerated	2
lack	2
lackluster	2
ladder	2
lady	2
larnell	2
lasting	2
lately	2
laugh	2
launcher	2
launching	2
laundering	2
lawmaker	2
laxman	2
leaguers	2
leaning	2
leash	2
leather	2
lebron	2
legalized	2
legged	2
lemond	2
liberated	2
liberty	2
lick	2
lifetime	2
ligament	2
liked	2
limber	2
linear	2
link	2
linked	2
lip	2
lisa	2
listen	2
llc	2
loaisiga	2
locate	2
located	2
logan	2
longevity	2
lorenzo	2
loud	2
loudest	2
louisville	2
lounge	2
loved	2
lowering	2
lquez	2
luciano	2
lucky	2
lugo	2
luxury	2
macmillan	2
mad	2
magill	2
magnetic	2
maguire	2
mahrley	2
maid	2
maiden	2
makeup	2
manaea	2
manage	2
maneuver	2
manner	2
mannered	2
manufacturing	2
map	2
marc	2
margaret	2
marisnick	2
mask	2
matteo	2
mayer	2
mazara	2
mcbride	2
mccann	2
mcclary	2
mckay	2
mcl	2
meaning	2
mechanical	2
medicare	2
medvedev	2
meer	2
melbourne	2
memoir	2
memorial	2
meniscus	2
mentally	2
mentor	2
merrill	2
meteorologist	2
method	2
metric	2
midsummer	2
midway	2
mighty	2
migrant	2
mikey	2
mikolas	2
milan	2
miner	2
miracle	2
mirror	2
miserable	2
misspelled	2
mist	2
mistakenly	2
mixed	2
mixture	2
moderate	2
montgomery	2
moon	2
moronta	2
moscow	2
motel	2
motivated	2
movenew	2
movespirates	2
movesroyals	2
moya	2
munich	2
murofushi	2
murray	2
muscled	2
museum	2
musical	2
mysterious	2
nail	2
naming	2
naomi	2
naquin	2
narrative	2
narrowly	2
narv	2
narvaez	2
nationwide	2
natural	2
nbc	2
nearing	2
needing	2
negotiating	2
nevada	2
newcombe	2
newspaper	2
newsroom	2
newyork	2
nextangels	2
nextdetroit	2
nextmariners	2
nextpadres	2
nextred	2
nextreds	2
nextroyals	2
neye	2
niece	2
niese	2
nigeria	2
no	2
nobody	2
noisy	2
nominee	2
nomiyama	2
noon	2
norfolk	2
norris	2
notch	2
note	2
noticeable	2
notion	2
nov	2
nytopinion	2
oak	2
obituary	2
observation	2
obsession	2
obtained	2
occupant	2
odom	2
oita	2
okc	2
omaha	2
ops	2
opting	2
orange	2
orlando	2
oust	2
outburst	2
outcome	2
outpitched	2
outsider	2
outsize	2
overdue	2
overflowing	2
overpowering	2
oversees	2
package	2
packed	2
packer	2
padding	2
paint	2
palm	2
panel	2
panic	2
panik	2
panther	2
parade	2
parking	2
parson	2
partly	2
passenger	2
passing	2
patch	2
path	2
peaceful	2
peacock	2
peek	2
peer	2
pennant	2
pensacola	2
permanent	2
permit	2
permitting	2
personality	2
pervasive	2
petersburg	2
peyton	2
philosopher	2
piece	2
piecethe	2
pile	2
planning	2
plastic	2
plated	2
playwright	2
pleading	2
pleasure	2
plunked	2
plunking	2
pnc	2
podcast	2
pointless	2
polling	2
pontiac	2
pool	2
pope	2
population	2
popup	2
port	2
portfolio	2
posey	2
posing	2
possessed	2
potentially	2
poverty	2
ppd	2
praise	2
praised	2
pre	2
precise	2
premature	2
preparation	2
prepare	2
preparing	2
presbyterian	2
presented	2
presenting	2
pressbaltimore	2
pressed	2
pressseattle	2
prestigious	2
prevailed	2
prevent	2
principal	2
prized	2
profit	2
progressing	2
progression	2
prohibiting	2
prominence	2
promising	2
promotional	2
prompted	2
properly	2
property	2
prospective	2
protect	2
protection	2
protocol	2
proven	2
proximity	2
psychologist	2
pudge	2
punishment	2
putt	2
quadrant	2
quit	2
racing	2
radio	2
rage	2
rahul	2
raid	2
rained	2
rainy	2
raisel	2
ram	2
ramon	2
rancho	2
randazzo	2
randy	2
rarethe	2
raucous	2
ravaged	2
raw	2
reaching	2
realize	2
recall	2
recognition	2
recognize	2
recognized	2
recover	2
recreation	2
redskin	2
reduced	2
reel	2
reference	2
referencing	2
refers	2
refreshingly	2
regime	2
regina	2
reilly	2
reliably	2
religious	2
relinquished	2
remain	2
remedy	2
remote	2
rendition	2
renewedmookie	2
rental	2
repeat	2
repeated	2
repeatedly	2
repetition	2
reportedly	2
represented	2
request	2
requested	2
rescue	2
residence	2
resisted	2
resonance	2
resource	2
respecting	2
responding	2
responsibility	2
rested	2
restless	2
restriction	2
resulting	2
resuming	2
retail	2
retain	2
retaliation	2
retrieve	2
retrieved	2
reuterslos	2
reutersmajor	2
reutersross	2
reutersthe	2
reuterswashington	2
revel	2
reviewed	2
reymin	2
rhame	2
rhode	2
rhps	2
rich	2
richie	2
ricky	2
ricochet	2
ride	2
rifle	2
rio	2
ripping	2
rising	2
rms	2
robbing	2
rocket	2
rodgers	2
rodon	2
roe	2
rolled	2
rond	2
roomcubs	2
roomdodgers	2
roomgiants	2
roommariners	2
roomnationals	2
roomrockies	2
rossell	2
rotator	2
route	2
rural	2
ryon	2
sabermetrics	2
sagged	2
saloon	2
saluted	2
salvage	2
sander	2
sandoval	2
sank	2
santorum	2
satisfied	2
sborz	2
scared	2
scattered	2
schebler	2
schedulefriday	2
scheduling	2
scholar	2
schwindel	2
scoreboard	2
scratch	2
scratching	2
scruffy	2
scrutinized	2
sea	2
searching	2
secondary	2
secured	2
securing	2
seeded	2
seemingly	2
seized	2
seles	2
semi	2
sensory	2
sentencing	2
separate	2
sergeant	2
seriously	2
settle	2
sex	2
sgt	2
shake	2
shaking	2
shared	2
shattered	2
sheer	2
sheriff	2
shifting	2
shook	2
shortkhris	2
shouted	2
shouting	2
showdown	2
shrunk	2
sick	2
sidney	2
silent	2
silver	2
simone	2
singling	2
sized	2
skilled	2
skin	2
skinny	2
slack	2
slammed	2
slapped	2
sleeve	2
slightly	2
slower	2
slumped	2
smacked	2
smart	2
smashed	2
smiling	2
snag	2
sneak	2
soaring	2
soggy	2
soldier	2
somewhere	2
sorrow	2
soto	2
sound	2
sounded	2
souvenir	2
spark	2
spasm	2
spawned	2
specific	2
spectator	2
spell	2
spencer	2
spend	2
spieth	2
spiked	2
spinning	2
spirit	2
splitting	2
spokeswoman	2
sportsadvertisement	2
spotlight	2
spraining	2
spread	2
sprinkler	2
sprinted	2
sputtering	2
squad	2
squeezed	2
stack	2
stake	2
stammen	2
stance	2
standpoint	2
stanley	2
starkville	2
starlin	2
startling	2
statcast	2
station	2
statistical	2
stats	2
stave	2
steinberg	2
stella	2
stepping	2
stick	2
stink	2
stomach	2
stoppage	2
stopper	2
stopping	2
straily	2
strait	2
stranger	2
stratton	2
streeters	2
strep	2
stringent	2
stronger	2
strongly	2
strongmeadows	2
stuffed	2
stumbling	2
suarez	2
sub	2
subject	2
subpar	2
subscribe	2
subsidy	2
succeeded	2
sucre	2
sued	2
suggested	2
sum	2
summoned	2
sumter	2
sunderland	2
suntrust	2
superior	2
supervision	2
supporting	2
surface	2
surged	2
surprising	2
survived	2
survivor	2
susan	2
swampy	2
swannymariners	2
swath	2
sweating	2
swiss	2
sydney	2
symbol	2
tabletampa	2
tag	2
tagging	2
taijuan	2
takeoff	2
talented	2
tamed	2
tap	2
tapper	2
tatang	2
tea	2
teaching	2
teamsbaseball	2
technically	2
ted	2
teen	2
teenage	2
telecast	2
temple	2
tennessee	2
terrace	2
terrance	2
tested	2
text	2
thankfully	2
theft	2
theo	2
throat	2
thwarted	2
tigerwoods	2
timesby	2
timothy	2
tired	2
titanic	2
titi	2
tomas	2
toppled	2
totally	2
touchdown	2
touki	2
touted	2
tracked	2
tracker	2
tracking	2
traficant	2
trail	2
transferred	2
transitioning	2
trash	2
travel	2
traveled	2
treat	2
treated	2
tremendous	2
tribe	2
trickle	2
trister	2
troop	2
trooper	2
troubled	2
truck	2
truman	2
trust	2
tsahr	2
tsarnaev	2
tseng	2
tugged	2
tulsi	2
tumbled	2
turnaround	2
turnbull	2
turnover	2
twister	2
type	2
ulnar	2
ultrasound	2
unauthorized	2
unbalanced	2
unbelievable	2
uncertain	2
uncertainty	2
uncle	2
uncomfortable	2
uncommon	2
undergo	2
undergoing	2
underlying	2
undocumented	2
unitedhealth	2
unlikeliest	2
unsafe	2
unsure	2
unveiling	2
upcoming	2
upheld	2
upindians	2
urged	2
usa	2
usga	2
utility	2
validated	2
vander	2
variety	2
various	2
varsity	2
vast	2
vel	2
versatility	2
vessel	2
vet	2
vicinity	2
villar	2
vin	2
vinci	2
vindicated	2
violation	2
violent	2
virtual	2
visible	2
vision	2
void	2
vote	2
vvs	2
wahoo	2
walden	2
ward	2
warm	2
warmed	2
wash	2
wasted	2
wave	2
wedged	2
weekday	2
weekly	2
wei	2
welcoming	2
wendelken	2
wes	2
wetzel	2
whistle	2
whoever	2
widespread	2
willians	2
willis	2
windup	2
winless	2
winnipeg	2
witness	2
wittgren	2
wojciechowski	2
wondered	2
worsened	2
worship	2
worthy	2
wrapped	2
write	2
writing	2
written	2
yandy	2
yang	2
yezak	2
yielding	2
yin	2
youngest	2
zagunis	2
zealand	2
zero	2
zuckerberg	2
(lp0	1
Vbyby	1
a.	1
aVbya	1
aVbyastros	1
aVbybefore	1
aVbybooks	1
aVbyendangered	1
aVbyextra	1
aVbykeeping	1
aVbynationalan	1
aVbypresident	1
aVbysports	1
aVbywhat	1
aVfilmmaker	1
ab	1
abbie	1
abigail	1
abolition	1
aboutalebi	1
abrams	1
abrogated	1
absorb	1
abuja	1
abused	1
academically	1
acceptable	1
accepted	1
accepting	1
accidentally	1
accomplishing	1
accusation	1
accusing	1
acento	1
achievement	1
achy	1
acquiring	1
acrobatic	1
acted	1
acumen	1
adamant	1
adapt	1
addressed	1
adeiny	1
adjunct	1
administered	1
admiration	1
admired	1
admiring	1
admit	1
admits	1
admitting	1
adolf	1
adopting	1
adorning	1
adrien	1
adultery	1
advancement	1
adventure	1
advice	1
advised	1
advocacy	1
advocated	1
afar	1
affect	1
affiliate	1
affiliated	1
affirming	1
aficionado	1
afterthought	1
againbryce	1
againcubs	1
aged	1
agenda	1
aggravated	1
aggregate	1
aggressively	1
aggressiveness	1
agility	1
aging	1
agreeing	1
ahmed	1
aid	1
aiken	1
ailing	1
aiming	1
airborne	1
airstrikes	1
albuquerque	1
alden	1
aldiniti	1
alen	1
alert	1
alertly	1
alexakis	1
alfaroin	1
algeria	1
alice	1
alicia	1
alienation	1
alleges	1
alleging	1
alleviate	1
alliance	1
allied	1
allison	1
alluding	1
allure	1
allusion	1
almora	1
alpine	1
altchek	1
altitude	1
altogether	1
alton	1
altruistic	1
alun	1
alvaro	1
alzheimer	1
amadeus	1
amazon	1
ambush	1
ambushed	1
amendment	1
americana	1
ampex	1
amplifying	1
analytics	1
andersson	1
andrelton	1
andres	1
angelina	1
angered	1
angie	1
anglo	1
anglos	1
angrily	1
angry	1
angst	1
anna	1
annie	1
answered	1
anterior	1
antetokounmpo	1
anther	1
anticipating	1
anticipation	1
antidote	1
antique	1
antoniams	1
antwon	1
anxiety	1
apologize	1
apologized	1
apology	1
app	1
appalled	1
apparatus	1
appealarcher	1
appealed	1
appealing	1
appearing	1
appetite	1
applauding	1
applicant	1
applied	1
apply	1
applying	1
appraised	1
appreciably	1
appreciated	1
appreciates	1
apprehensive	1
appropriate	1
appropriately	1
approve	1
arcade	1
archbishop	1
archenemies	1
architecture	1
arcia	1
argentine	1
argue	1
ariz	1
ark	1
armchair	1
armed	1
armstrongafter	1
armstrongport	1
arroyo	1
arsenal	1
arthritis	1
artsan	1
ascended	1
ascent	1
ascribe	1
ashley	1
asia	1
asian	1
aspiration	1
aspirational	1
aspire	1
assailed	1
assaulted	1
assembled	1
assessed	1
assessing	1
assessment	1
assumed	1
assurance	1
asylum	1
ate	1
atoned	1
attachment	1
attacked	1
attacking	1
attendee	1
attends	1
attitude	1
attraction	1
attractive	1
attributed	1
audio	1
audition	1
auditioning	1
aura	1
austen	1
authentic	1
authored	1
authoritarian	1
automatically	1
automation	1
automobile	1
auxiliary	1
availability	1
averaged	1
averagethe	1
avid	1
avilan	1
await	1
awarding	1
awareness	1
awash	1
awed	1
ayckbourn	1
aye	1
ayk	1
ayn	1
azar	1
bachmann	1
backed	1
backedwin	1
backer	1
backhyde	1
backjacob	1
backlash	1
backpage	1
backpedaled	1
backside	1
backspeaking	1
backward	1
backwards	1
backyard	1
bacterial	1
baffling	1
baggage	1
bailed	1
bailouts	1
balloon	1
ballot	1
ballplayer	1
ban	1
band	1
banded	1
bandleader	1
bandwagonthe	1
banging	1
bangkok	1
banker	1
bankruptcy	1
baptist	1
barbie	1
bark	1
barlow	1
barnes	1
barrett	1
barroom	1
baserunning	1
basesby	1
basis	1
bathroom	1
batsman	1
battened	1
battery	1
battlelost	1
bayard	1
bazooka	1
beam	1
beaming	1
beaned	1
bedroom	1
beeks	1
bega	1
behalf	1
behaves	1
beige	1
beleaguered	1
belsen	1
benched	1
benedict	1
beneficiary	1
benefiting	1
bent	1
bentley	1
berhardt	1
berkrot	1
berlin	1
bernazard	1
bernhardt	1
berryman	1
bert	1
bested	1
bestowed	1
betrayed	1
bettis	1
bevin	1
bias	1
bibi	1
bible	1
bicentennial	1
bicycle	1
bigoted	1
bilagaanas	1
billionaire	1
biogen	1
biological	1
biopic	1
bipartisan	1
bishop	1
bite	1
bithorn	1
bitterly	1
bittersweet	1
bizarre	1
blackmore	1
blackwolf	1
blaine	1
blanketed	1
blazingly	1
blemish	1
blend	1
blessing	1
blindfolded	1
bling	1
blistering	1
bloc	1
block	1
blockbuster	1
blog	1
blogger	1
blonde	1
bloodworth	1
blooper	1
blossomed	1
blower	1
bluesal	1
blunt	1
blur	1
blyleven	1
boardthe	1
boat	1
bobbed	1
bobbled	1
bobbs	1
bobby	1
boggled	1
boggs	1
bohrn	1
boiled	1
bokeem	1
boko	1
boldest	1
bolton	1
bomber	1
booed	1
boogie	1
booked	1
booker	1
booking	1
booming	1
booting	1
boros	1
borough	1
borrowing	1
bosh	1
bother	1
bottomless	1
bound	1
bounded	1
bout	1
bowa	1
boyhood	1
boyle	1
brady	1
braga	1
brain	1
branding	1
brandished	1
brault	1
brawl	1
breach	1
breadth	1
breast	1
breathe	1
breathed	1
breather	1
breed	1
breeder	1
breeze	1
brendan	1
breslin	1
brians	1
bridge	1
brilliant	1
brisk	1
brixton	1
broadly	1
brock	1
brody	1
bronze	1
brothel	1
brotherhood	1
brunner	1
brush	1
bryson	1
bubba	1
buccaneer	1
buchenwald	1
buckhead	1
buddhist	1
budenholzers	1
buffsmovie	1
bug	1
buhl	1
buildup	1
bulk	1
bulked	1
bullet	1
bullock	1
bum	1
bumper	1
bundesliga	1
bunker	1
bunnymen	1
burden	1
burgeoning	1
burglarized	1
buried	1
burner	1
burning	1
burt	1
burwell	1
bury	1
busch	1
busy	1
butera	1
butte	1
butterfield	1
butterfly	1
buttock	1
buying	1
buzzing	1
byby	1
byronbuxton	1
cabin	1
cactus	1
caddie	1
cadre	1
cafe	1
cake	1
cal	1
calamity	1
calculation	1
calculus	1
caller	1
calm	1
calmer	1
calming	1
calmly	1
cambodian	1
camden	1
cameo	1
camera	1
cameron	1
camouflage	1
canada	1
canadiens	1
canceling	1
canha	1
canuck	1
canvas	1
capable	1
capaldi	1
capitalize	1
capleton	1
capping	1
capriati	1
capstone	1
capt	1
caption	1
caput	1
caravan	1
cardiac	1
cardiff	1
cardinale	1
cardiologist	1
cardone	1
carlton	1
carlyle	1
carmen	1
carney	1
caroline	1
carothers	1
carpet	1
carroll	1
carswell	1
cart	1
cartouche	1
carved	1
casady	1
casey	1
castilla	1
casualty	1
catcherthe	1
category	1
caters	1
catherine	1
cattle	1
cautioned	1
cautious	1
cdt	1
celebrated	1
celebrates	1
celebrating	1
celebrationthe	1
cemetery	1
centered	1
centipede	1
centric	1
cerebral	1
chaim	1
chain	1
chanel	1
characteristic	1
charging	1
chargois	1
charles	1
charm	1
charter	1
chasing	1
chattanooga	1
chatted	1
chatter	1
chatwood	1
chavez	1
cheap	1
cheaper	1
cheapest	1
cheat	1
checking	1
cheek	1
cheez	1
cheney	1
chess	1
chiang	1
chicken	1
chicklo	1
chipping	1
cholesterol	1
choreographed	1
chose	1
chosen	1
christ	1
christie	1
christina	1
christopher	1
chu	1
chuck	1
chucked	1
chuckled	1
chugged	1
churning	1
ciara	1
circling	1
circuitously	1
circumspect	1
circumstance	1
cite	1
citi	1
citizenship	1
cityillustrations	1
ciudad	1
civic	1
civility	1
claiming	1
clamp	1
clap	1
clarkson	1
clash	1
classical	1
classmate	1
claudia	1
clause	1
claw	1
clawed	1
cleaned	1
cleanest	1
cleanly	1
clearbridge	1
cleary	1
clement	1
clendenin	1
cliburn	1
client	1
climate	1
climb	1
clinching	1
clinic	1
clinical	1
clip	1
clobbered	1
clock	1
clot	1
clothes	1
clothing	1
cloud	1
clout	1
clue	1
clueless	1
clutter	1
cnn	1
coalition	1
coated	1
coax	1
cocaine	1
cockpit	1
code	1
coffee	1
coffer	1
cohen	1
coin	1
coined	1
colbert	1
colby	1
colddejong	1
coldplay	1
coliseum	1
collaboration	1
collaborator	1
collapsing	1
collateral	1
collectible	1
collecting	1
collective	1
collector	1
colleen	1
colloquially	1
colossal	1
coloured	1
combat	1
combine	1
combo	1
comedy	1
comerica	1
comfort	1
commemorate	1
commended	1
commensurate	1
commentary	1
commerce	1
commercial	1
commit	1
commits	1
commodore	1
commonly	1
communicate	1
communication	1
como	1
comparable	1
compatriot	1
competed	1
compiling	1
complacent	1
composed	1
composer	1
compounded	1
compounding	1
comprise	1
comprises	1
compulsively	1
concacaf	1
concealment	1
concentrated	1
conclude	1
concluded	1
concludes	1
concurrently	1
condemnation	1
conditioning	1
conducted	1
confirmation	1
confounding	1
confront	1
confusing	1
confusion	1
congratulate	1
congratulated	1
congresswoman	1
conjunction	1
conn	1
connect	1
connell	1
consensus	1
considerable	1
consist	1
consistency	1
consolation	1
conspiracy	1
constituency	1
constitution	1
constitutional	1
constructed	1
consulted	1
contagious	1
containing	1
contempt	1
contend	1
contends	1
context	1
conti	1
continental	1
contrast	1
contributing	1
controlled	1
controlyu	1
controversial	1
contusion	1
convenience	1
convert	1
conveys	1
convict	1
convince	1
cooker	1
cookin	1
coolest	1
cooper	1
coordination	1
coordinator	1
coors	1
coppola	1
cor	1
corbett	1
core	1
coreykilgannon	1
cornyn	1
corp	1
corporate	1
correct	1
corrected	1
correcting	1
correction	1
correctional	1
correctly	1
cory	1
cosmonaut	1
cosseted	1
cot	1
cottage	1
cotton	1
councilwoman	1
counseling	1
counterpart	1
countryman	1
courage	1
courtesy	1
courtney	1
couture	1
coverage	1
cowpoke	1
crackdown	1
cracked	1
cramp	1
cramping	1
crashing	1
crawford	1
credential	1
creditcreditvalerie	1
credited	1
crediting	1
creed	1
crept	1
crick	1
crippled	1
criticized	1
crooked	1
cropped	1
crossed	1
crosstown	1
crow	1
crown	1
cruelty	1
cruise	1
cruising	1
crushing	1
cryptic	1
csi	1
cuckoo	1
cuevas	1
culbreth	1
culbrin	1
culminated	1
cultural	1
culturally	1
culver	1
cummings	1
curated	1
curious	1
curled	1
curriculum	1
curve	1
curveballs	1
curved	1
cuss	1
customercare	1
cutout	1
cutting	1
cylinder	1
cymru	1
cynthia	1
czech	1
dabrat	1
daily	1
damon	1
dancer	1
dane	1
dangerously	1
dara	1
darkness	1
darndest	1
dartmouth	1
daryl	1
dasia	1
davenport	1
davidson	1
daya	1
daybuehler	1
daylight	1
daymajor	1
daythe	1
deadpanned	1
dealership	1
dear	1
debt	1
deceptive	1
decker	1
declining	1
decorated	1
decorative	1
decorum	1
decrease	1
decreased	1
decriminalizing	1
dedicates	1
deemed	1
deepdozier	1
deeper	1
deepest	1
deepreliever	1
defamation	1
defended	1
defender	1
defenseman	1
defensemoncada	1
defensesan	1
defensively	1
defiant	1
define	1
defined	1
defining	1
definition	1
definitively	1
deflect	1
deft	1
defunct	1
defying	1
delaware	1
delegate	1
deleted	1
deliberated	1
deliberately	1
delicately	1
delight	1
delighting	1
deliverance	1
deloitte	1
delta	1
deluge	1
delved	1
demanded	1
demanding	1
demaryius	1
dementia	1
demetrius	1
demise	1
democratically	1
demon	1
demonstration	1
demonstrator	1
demurred	1
dennis	1
denorfia	1
denouncing	1
dent	1
denying	1
dependent	1
depends	1
deployed	1
deportation	1
deputy	1
derailed	1
deranged	1
deryl	1
descended	1
descending	1
desclafini	1
deserved	1
deserves	1
design	1
designed	1
desirable	1
desired	1
desmos	1
desperate	1
desperately	1
despondency	1
destination	1
destri	1
destroy	1
destroyed	1
destroying	1
detailed	1
detected	1
detective	1
detour	1
developed	1
developing	1
devenski	1
devising	1
devon	1
devoted	1
dew	1
dgar	1
diagnosed	1
diagnosis	1
dial	1
dicey	1
dick	1
dictator	1
dictionary	1
differential	1
dig	1
digit	1
dilkon	1
dimaggio	1
dimensional	1
dingers	1
dining	1
dinner	1
dinosaur	1
direct	1
directed	1
directing	1
directive	1
directv	1
dirk	1
dirtbag	1
disable	1
disappearance	1
disappeared	1
disarcina	1
disarmament	1
disbelief	1
discernible	1
disciplined	1
disclose	1
disco	1
disconnected	1
discontinue	1
discotheque	1
discover	1
discovery	1
discus	1
disgusted	1
disjointed	1
dismissed	1
dismisses	1
disorder	1
dispel	1
disquieting	1
dissipate	1
dissolved	1
dissolving	1
dissuaded	1
distant	1
distinction	1
distinctionnow	1
distinctive	1
distract	1
distracted	1
distress	1
distressing	1
distribution	1
distributor	1
diverse	1
diversified	1
diverting	1
dividend	1
divine	1
divisive	1
divo	1
divorce	1
divotstiger	1
documentary	1
documented	1
dodd	1
dogfight	1
doherty	1
doldrums	1
doled	1
dolla	1
dolores	1
dombrowski	1
dome	1
dominate	1
dominating	1
dominguez	1
donate	1
donned	1
doomed	1
dormitory	1
dotel	1
doubleaccording	1
dow	1
dowdy	1
downed	1
downfall	1
downhill	1
downside	1
downthe	1
drab	1
drag	1
drama	1
drastic	1
dreaded	1
dreamed	1
dreary	1
drenched	1
dress	1
dribbled	1
drillers	1
drilling	1
drip	1
driver	1
drubbing	1
drugmaker	1
drugmakers	1
drunk	1
dual	1
dubious	1
duchene	1
duffeythe	1
dulled	1
dulles	1
dumb	1
dunked	1
duplantier	1
durham	1
durkin	1
dust	1
dusting	1
dzhokhar	1
eakin	1
ear	1
earlobe	1
earth	1
easing	1
eastbrook	1
easter	1
eat	1
eberle	1
echo	1
eclectic	1
economics	1
ecstatic	1
eden	1
edmonton	1
edmunds	1
educate	1
efficiency	1
egregious	1
ehr	1
eiland	1
eked	1
el	1
elaborate	1
electing	1
electoral	1
electricity	1
electrifying	1
electronics	1
elementary	1
elephant	1
elijah	1
eliminate	1
elite	1
ellen	1
elli	1
elsinore	1
eluded	1
elusive	1
emailed	1
emarvelous	1
embargo	1
embarrassment	1
embassy	1
ember	1
embersan	1
emblazoned	1
embodies	1
emerged	1
emerges	1
emerita	1
emigrated	1
emojis	1
emotionally	1
emphasize	1
emphatically	1
emptiness	1
enable	1
enacts	1
encarnacion	1
encircling	1
encore	1
encounter	1
encountered	1
encourage	1
endangeredspaces	1
endemic	1
endorsement	1
endorses	1
endure	1
endured	1
enforced	1
enforcement	1
engaging	1
engineered	1
enhance	1
enriqu	1
enrique	1
enrolls	1
ensures	1
entertain	1
entertainer	1
enthusiasm	1
entrant	1
entreating	1
entreaty	1
entry	1
envision	1
envisioned	1
envoy	1
epic	1
equally	1
equipment	1
equivalent	1
erect	1
erlin	1
ernie	1
errant	1
eruption	1
escalate	1
escort	1
escorted	1
escorting	1
essential	1
estate	1
ethel	1
ethic	1
ethnicity	1
eugenio	1
evading	1
evaluation	1
evander	1
evans	1
evaporate	1
eventful	1
everclear	1
evidenced	1
evident	1
evolved	1
evolving	1
exam	1
examine	1
examined	1
examiner	1
exceed	1
exceeded	1
exception	1
excessive	1
exchanged	1
exclusive	1
execute	1
execution	1
exempt	1
exercise	1
exhale	1
existing	1
exitchicago	1
exitin	1
exiting	1
exitmaddon	1
exitsnitker	1
expanded	1
expansive	1
expelled	1
expensive	1
experienced	1
experimenting	1
expertly	1
expired	1
expires	1
expletive	1
explode	1
exploit	1
explore	1
expo	1
exposure	1
expressing	1
extends	1
extensive	1
exterior	1
external	1
extortion	1
extrabennett	1
extracted	1
extramarital	1
extraordinaire	1
extraordinary	1
extreme	1
extricated	1
extrovert	1
exuberance	1
exuberant	1
exulting	1
eyed	1
eyesight	1
fabric	1
fabricated	1
facejosh	1
faceoff	1
facetime	1
facilitate	1
faculty	1
fade	1
faded	1
fading	1
fairly	1
fallback	1
faltered	1
familiesdisney	1
fancied	1
fandor	1
fangraphs	1
fanssports	1
fansthe	1
fare	1
farewell	1
fargo	1
fascial	1
fatally	1
fate	1
fated	1
fateful	1
fatigue	1
favorable	1
faxed	1
fayetteville	1
featjose	1
featured	1
fed	1
fedexcup	1
feeble	1
fellowship	1
felony	1
feminist	1
fend	1
ferguson	1
fernandez	1
ferrer	1
ferrier	1
fescue	1
festivity	1
fetch	1
feted	1
fetter	1
fick	1
fidel	1
fidrych	1
fielded	1
fieldin	1
fierce	1
fiercely	1
fiery	1
fiftyslumping	1
fignon	1
figured	1
file	1
filing	1
filling	1
filming	1
filmstruck	1
finalized	1
financing	1
fingerfreeland	1
fingerprinting	1
firearm	1
firehoses	1
firm	1
fit	1
fitness	1
fitzgerald	1
fixated	1
fixing	1
fixture	1
flamed	1
flameout	1
flared	1
fledgling	1
fleeting	1
flegenheimerthere	1
flesh	1
fleury	1
flex	1
flexor	1
flipping	1
float	1
flood	1
floodlight	1
flor	1
floral	1
flossing	1
flourish	1
flowing	1
floyd	1
fluent	1
flummoxed	1
fluorescent	1
flushed	1
flyouts	1
fold	1
folded	1
folk	1
folksy	1
foothill	1
foray	1
foreman	1
foremost	1
foreshadow	1
forever	1
forged	1
forgetting	1
forgiveness	1
forgo	1
forman	1
format	1
formed	1
formidable	1
formula	1
formulated	1
forster	1
fortified	1
fortunate	1
fortune	1
forum	1
founder	1
foundered	1
fountainhead	1
foursome	1
fowler	1
fracture	1
fragile	1
frankly	1
frare	1
fray	1
freaking	1
freelance	1
frequenting	1
fresh	1
friedman	1
frittering	1
froze	1
fujian	1
fukuoka	1
fulmer	1
fundamentally	1
funded	1
fungo	1
funny	1
furiously	1
furniture	1
fuson	1
gabelli	1
gabrian	1
gagarin	1
gale	1
gallego	1
galore	1
gamel	1
gamer	1
gametime	1
gaming	1
ganado	1
gant	1
gape	1
gara	1
garbage	1
garfield	1
garner	1
garry	1
gastroenteritis	1
gaviglio	1
gaylor	1
gazette	1
gehrig	1
gellar	1
gen	1
generality	1
generally	1
generate	1
genetic	1
geofencing	1
geometric	1
gerald	1
germ	1
gerrit	1
gerry	1
gesturing	1
giannis	1
gianordoli	1
giddish	1
gifted	1
gilberto	1
gill	1
gio	1
girlfriend	1
gladiator	1
gladness	1
glanced	1
glimpse	1
gloat	1
glover	1
glum	1
goatee	1
goodman	1
goodwill	1
goodyear	1
google	1
gosselin	1
gothic	1
grabbing	1
graham	1
granddaughter	1
grandkids	1
grandmaster	1
grandson	1
granite	1
grape	1
grapple	1
grateful	1
grave	1
gravestone	1
greatness	1
greendiamondbacks	1
greensboro	1
greenwood	1
gregg	1
gregorio	1
gresham	1
grey	1
greyhound	1
grin	1
grind	1
grinded	1
grinder	1
grinding	1
gripping	1
groundouts	1
groundskeeper	1
groundswell	1
guardian	1
guidebook	1
guild	1
guillorme	1
guitarist	1
gum	1
gunman	1
gunshot	1
gunsmoke	1
guo	1
habitat	1
habitual	1
hahr	1
hailing	1
haircut	1
haise	1
hale	1
halfpenny	1
hamid	1
hammered	1
hammering	1
hampden	1
han	1
hancock	1
handful	1
handing	1
handling	1
handwritten	1
hang	1
hanger	1
hanley	1
hansel	1
hanson	1
happier	1
happiness	1
haram	1
harassment	1
harbour	1
hardcore	1
hardest	1
hardy	1
harrold	1
harshly	1
hasegawa	1
hate	1
hated	1
hateful	1
hatley	1
hauled	1
hauling	1
haunt	1
hauntingly	1
havenwith	1
hawaii	1
hawke	1
haynsworth	1
hazeltine	1
hbcu	1
headache	1
headfirst	1
headliner	1
hearty	1
heave	1
heavey	1
hechavarria	1
heckle	1
height	1
heighten	1
heir	1
helfer	1
helicopter	1
heller	1
hello	1
heloise	1
helpful	1
hemorrhage	1
henry	1
heralded	1
herbie	1
herd	1
heritage	1
hernia	1
hero	1
herofranco	1
herter	1
hertl	1
heupel	1
hexum	1
hiatus	1
hibernia	1
hidden	1
highlightbaltimore	1
highlighted	1
highway	1
hijacked	1
hijacker	1
hillsborough	1
hillsnow	1
hinojosa	1
hiram	1
hired	1
hitlessbaltimore	1
hive	1
ho	1
hoard	1
hoarding	1
hobbled	1
hoffman	1
holethe	1
holy	1
holyfield	1
homecardinals	1
homemade	1
honest	1
honhai	1
hoodie	1
hook	1
hooked	1
hopeful	1
hopi	1
hopkinton	1
hopper	1
hopsthe	1
horizontal	1
horn	1
horrific	1
horror	1
horschel	1
horsepower	1
horseshoe	1
hortontaipei	1
hose	1
hospitable	1
hostility	1
hotacu	1
hotbed	1
hourlong	1
hovered	1
hovering	1
howerton	1
howling	1
huckabee	1
huddled	1
hugged	1
huguenot	1
humanity	1
humble	1
humbling	1
humility	1
hundley	1
hunting	1
hurtful	1
hurting	1
husband	1
hustled	1
huw	1
ibes	1
iced	1
ichiro	1
icon	1
icy	1
identification	1
identity	1
ideology	1
idolizing	1
ign	1
ignored	1
ihs	1
ill	1
illinois	1
illustrious	1
imaginable	1
imagine	1
imagined	1
immediate	1
immelman	1
immortal	1
immune	1
imperfect	1
impingement	1
implemented	1
implementing	1
importantly	1
impose	1
imposed	1
improvementmattingly	1
inability	1
inauguration	1
inbox	1
incense	1
incentivized	1
inception	1
inclined	1
inclusive	1
inconsistency	1
incorporate	1
incorporated	1
ind	1
indelible	1
independently	1
indicate	1
indigo	1
indispensable	1
induce	1
indulging	1
industrials	1
ineligible	1
inexcusable	1
inexorably	1
inexperienced	1
infected	1
inflamed	1
inflatable	1
infliction	1
influence	1
inform	1
informant	1
infuriated	1
inherited	1
initiated	1
initiative	1
injection	1
inked	1
inningsdetroit	1
inningssan	1
inningswashington	1
innocent	1
innocuous	1
input	1
inquirer	1
inscription	1
insert	1
inserting	1
insincere	1
inspector	1
inspired	1
inspiring	1
installed	1
installing	1
instilled	1
institute	1
integrate	1
intelligence	1
intensify	1
intention	1
intentional	1
interact	1
interacting	1
interesting	1
interfering	1
interleague	1
internal	1
internist	1
interpersonal	1
interrupt	1
interstate	1
intimate	1
intricacy	1
intrigued	1
introductory	1
invaluable	1
inventor	1
investigate	1
invite	1
invited	1
inviting	1
invoked	1
inward	1
iphones	1
iran	1
iraq	1
iraqi	1
irk	1
ironed	1
irresistible	1
irritated	1
islamic	1
isolated	1
israeli	1
itpittsburgh	1
jace	1
jackieboth	1
jagged	1
jailed	1
jalen	1
jarlin	1
jarring	1
jawed	1
jawing	1
jazz	1
jeb	1
jefry	1
jenkins	1
jeopardized	1
jeopardizing	1
jerry	1
jill	1
jirousek	1
jock	1
jockey	1
joel	1
joh	1
jolt	1
jonas	1
jordana	1
joss	1
journal	1
joyful	1
judged	1
judgment	1
juice	1
julianna	1
julie	1
julius	1
jupiter	1
kafka	1
kaitlyn	1
kalas	1
kanaya	1
kanopy	1
kaohsiung	1
karen	1
kasparov	1
kasten	1
kathleen	1
kauffman	1
kay	1
kaymer	1
keefe	1
kelsey	1
kemmerer	1
kenney	1
kenny	1
keqiang	1
kershawlos	1
kerstin	1
keuchel	1
khmer	1
kickback	1
kicked	1
kidnap	1
kidnapped	1
kihs	1
kik	1
kilgannon	1
kilgannonjason	1
kilometre	1
kimberling	1
kindred	1
kinship	1
kinsler	1
kipnis	1
kirk	1
kiryat	1
klapischc	1
klapischwhen	1
klimov	1
knack	1
knebel	1
kneecap	1
knife	1
knight	1
knobless	1
knock	1
knuckle	1
koeperich	1
koerperich	1
koji	1
kondo	1
kooky	1
kosovo	1
kph	1
krause	1
krauskopf	1
krishnamoorthi	1
kroeger	1
kryptonite	1
krysten	1
kumamoto	1
kungs	1
kuo	1
kurt	1
kyler	1
kyrsten	1
label	1
labeled	1
laboratory	1
labral	1
lacava	1
laced	1
lacking	1
laden	1
laggard	1
lagging	1
lagrandal	1
lai	1
laine	1
lamb	1
lamborghini	1
lament	1
lana	1
landlord	1
languished	1
lapse	1
larry	1
laser	1
lasser	1
lastthe	1
laterbumgarner	1
latter	1
lauderdale	1
lauer	1
laundromat	1
laurent	1
lauria	1
lavished	1
lax	1
layoff	1
lazarus	1
leaderstampa	1
leaned	1
lease	1
legalize	1
legislation	1
legislator	1
legitimate	1
leigh	1
leiter	1
lenderman	1
lengthened	1
lengthy	1
lenny	1
leona	1
leonardo	1
leonie	1
lesser	1
lethal	1
letterman	1
levelheaded	1
leverage	1
leveraged	1
levin	1
liberal	1
liberation	1
lifespan	1
lighter	1
lightly	1
likeness	1
lily	1
limbo	1
limestone	1
limp	1
linda	1
lineman	1
lingered	1
lingering	1
lingo	1
liquid	1
liriano	1
listening	1
listing	1
listless	1
literally	1
liv	1
lloyd	1
lmb	1
loading	1
lobbying	1
locating	1
locomotive	1
lofted	1
log	1
logical	1
lois	1
london	1
longstanding	1
longthe	1
loop	1
loose	1
loretta	1
loser	1
lottery	1
louise	1
lousy	1
louttit	1
lovell	1
lover	1
lowell	1
loyalty	1
ltd	1
luckily	1
lucroy	1
lufkin	1
luhn	1
luhs	1
luscious	1
luxor	1
lwc	1
lying	1
lyle	1
lyndon	1
lys	1
macarthur	1
machine	1
machinethe	1
maddening	1
maddux	1
madreigning	1
maestas	1
mafia	1
magazine	1
maglie	1
magnifies	1
mainly	1
mainstream	1
maintain	1
maintained	1
maintaining	1
maisie	1
majestic	1
makenzie	1
managerial	1
managing	1
mandate	1
mandated	1
manhattanendangered	1
mania	1
manila	1
manipulated	1
manitoba	1
manos	1
manslaughter	1
mar	1
marcy	1
margo	1
maricopa	1
marie	1
marietta	1
marijuana	1
marilyn	1
marion	1
marking	1
markus	1
marley	1
maroon	1
marquee	1
marriage	1
married	1
marshall	1
martial	1
martini	1
marty	1
marvel	1
masculine	1
masculinity	1
mashed	1
masonry	1
massage	1
mastectomy	1
masterful	1
mastering	1
masterman	1
masterpiece	1
mastery	1
mata	1
matchif	1
matchupmajor	1
mate	1
mateo	1
materialized	1
mathematical	1
mathematics	1
matherthe	1
mathertiger	1
mathews	1
maton	1
mattered	1
mattersthe	1
mature	1
matzy	1
maverick	1
maximize	1
mayan	1
maynard	1
mazzola	1
mcconnell	1
mcelhenney	1
mcgorry	1
mcmurray	1
mcnary	1
mcpherson	1
meager	1
measurement	1
measuring	1
mechanic	1
medalist	1
meddling	1
median	1
medicine	1
medieval	1
mediocre	1
mediocrity	1
meghan	1
melina	1
membership	1
memoirby	1
memorythere	1
memphis	1
mentioned	1
merchandise	1
meredith	1
merely	1
meriden	1
merit	1
messner	1
metal	1
metamorphosis	1
methodical	1
methodist	1
metro	1
metrodome	1
metropolitan	1
mex	1
michele	1
michelle	1
midcampaign	1
middleton	1
midseason	1
midsize	1
midst	1
mih	1
mileage	1
milestonecora	1
militant	1
milius	1
mill	1
millennial	1
millennium	1
milo	1
minded	1
mine	1
miniature	1
minimalism	1
minister	1
minus	1
mired	1
mischaracterized	1
misconduct	1
miscue	1
miserables	1
misfortune	1
misguide	1
misguided	1
mishap	1
misplaced	1
misplay	1
missile	1
missouri	1
misstep	1
mistrust	1
misunderstanding	1
mitzi	1
mixing	1
mlbbaseballadvertisement	1
mob	1
mobbed	1
mobile	1
moderated	1
moderating	1
moderator	1
modernize	1
moh	1
momentary	1
momentthe	1
monarch	1
mondesi	1
monetary	1
moneyball	1
monica	1
monique	1
monitoring	1
monmouth	1
monotonous	1
monstrous	1
montana	1
montenegrin	1
montesquieu	1
montreal	1
monument	1
moo	1
mood	1
moonlighted	1
moorer	1
moral	1
morality	1
morrison	1
mortality	1
mortally	1
motivates	1
motivation	1
mount	1
mounted	1
mourner	1
mouse	1
moussaoui	1
moustakas	1
mouth	1
movemilwaukee	1
movesdodgers	1
movesmets	1
movesrays	1
movesright	1
movessan	1
movesthe	1
movethe	1
mubi	1
mueller	1
muhammad	1
muir	1
mural	1
murderer	1
murderously	1
muscular	1
mussina	1
mwilsonnyt	1
mystery	1
mystical	1
myth	1
nab	1
nadir	1
nagging	1
nailing	1
nantes	1
narrower	1
nascar	1
nasha	1
nashville	1
nationally	1
naturally	1
nauseous	1
nave	1
navigate	1
navy	1
ncaa	1
nears	1
neatly	1
neededthe	1
neek	1
neglect	1
negligent	1
negotiated	1
negro	1
neighbor	1
neighbour	1
nellie	1
nervous	1
nest	1
net	1
netting	1
networkupdated	1
neural	1
neurosurgeon	1
nevertheless	1
newark	1
newfoundland	1
newport	1
newsthe	1
newt	1
nextastros	1
nextbaltimore	1
nextblue	1
nextbrewers	1
nextcolorado	1
nextfollowing	1
nextgiants	1
nexthouston	1
nextkansas	1
nextmarlins	1
nextphillies	1
nextthursday	1
nexttigers	1
nextweather	1
nextwhite	1
nfcc	1
nicaragua	1
niche	1
nicknamed	1
nicol	1
nicolas	1
nieuwenhuis	1
nigel	1
nightgown	1
nighthorse	1
nightly	1
nike	1
nimbleness	1
nipomo	1
nix	1
nixon	1
nod	1
noel	1
nomar	1
nominated	1
nonfavorites	1
nonprofessional	1
nonstars	1
noonan	1
norm	1
northeastern	1
norway	1
norwood	1
nostalgic	1
notable	1
notably	1
notching	1
notethe	1
noticing	1
notorious	1
novelist	1
nowitzki	1
nuclear	1
nuevo	1
numbersarizona	1
numerous	1
nurse	1
nutivaara	1
nyt	1
nytnews	1
oasis	1
oath	1
oberg	1
obispo	1
obituariesan	1
obregon	1
obscure	1
observant	1
observer	1
observes	1
obsessed	1
obstacle	1
obvious	1
occasional	1
occur	1
occurrence	1
ocean	1
oct	1
octavio	1
oda	1
odd	1
oddly	1
odorrangers	1
offcurt	1
offended	1
offends	1
offspeed	1
oft	1
ohtani	1
oiler	1
okla	1
oliver	1
ominous	1
ongoing	1
operate	1
operates	1
operational	1
ophthalmologist	1
opinionan	1
opted	1
orbiting	1
orchestra	1
ordering	1
ore	1
oregon	1
oregonian	1
oregonlive	1
organization	1
organizing	1
orphanage	1
orthopedist	1
oscar	1
osich	1
oskar	1
osuna	1
ouchbryce	1
ousted	1
outageseattle	1
outdueled	1
outdueling	1
outlasted	1
outlasting	1
outlaw	1
outlieran	1
outline	1
outlying	1
outperformed	1
outpitch	1
outpouring	1
outright	1
outscoring	1
outset	1
outshined	1
outspoken	1
outta	1
ovary	1
overcoming	1
overhead	1
overly	1
overmatched	1
overpowered	1
overrated	1
overriding	1
overseas	1
oversight	1
overstatement	1
overtime	1
overturning	1
overwhelmed	1
overwhelming	1
overwhelmingly	1
overworked	1
owen	1
ownership	1
owns	1
oxygen	1
p1	1
p10	1
p100	1
p101	1
p102	1
p103	1
p104	1
p105	1
p106	1
p107	1
p108	1
p109	1
p11	1
p110	1
p111	1
p112	1
p113	1
p114	1
p115	1
p116	1
p117	1
p118	1
p119	1
p12	1
p120	1
p121	1
p122	1
p123	1
p124	1
p125	1
p126	1
p127	1
p128	1
p129	1
p13	1
p130	1
p131	1
p132	1
p133	1
p134	1
p135	1
p136	1
p137	1
p138	1
p139	1
p14	1
p140	1
p141	1
p142	1
p143	1
p144	1
p145	1
p146	1
p147	1
p148	1
p149	1
p15	1
p150	1
p151	1
p152	1
p153	1
p154	1
p155	1
p156	1
p157	1
p158	1
p159	1
p16	1
p160	1
p161	1
p162	1
p163	1
p164	1
p165	1
p166	1
p167	1
p168	1
p169	1
p17	1
p170	1
p171	1
p172	1
p173	1
p174	1
p175	1
p176	1
p177	1
p178	1
p179	1
p18	1
p180	1
p181	1
p182	1
p183	1
p184	1
p185	1
p186	1
p187	1
p188	1
p189	1
p19	1
p190	1
p191	1
p192	1
p193	1
p194	1
p195	1
p196	1
p197	1
p2	1
p20	1
p21	1
p22	1
p23	1
p24	1
p25	1
p26	1
p27	1
p28	1
p29	1
p3	1
p30	1
p31	1
p32	1
p33	1
p34	1
p35	1
p36	1
p37	1
p38	1
p39	1
p4	1
p40	1
p41	1
p42	1
p43	1
p44	1
p45	1
p46	1
p47	1
p48	1
p49	1
p5	1
p50	1
p51	1
p52	1
p53	1
p54	1
p55	1
p56	1
p57	1
p58	1
p59	1
p6	1
p60	1
p61	1
p62	1
p63	1
p64	1
p65	1
p66	1
p67	1
p68	1
p69	1
p7	1
p70	1
p71	1
p72	1
p73	1
p74	1
p75	1
p76	1
p77	1
p78	1
p79	1
p8	1
p80	1
p81	1
p82	1
p83	1
p84	1
p85	1
p86	1
p87	1
p88	1
p89	1
p9	1
p90	1
p91	1
p92	1
p93	1
p94	1
p95	1
p96	1
p97	1
p98	1
p99	1
pacioretty	1
paige	1
painted	1
painting	1
paired	1
pak	1
pakistan	1
panicked	1
papa	1
papal	1
papersa	1
papi	1
parading	1
paradise	1
paragraph	1
paralegal	1
parallel	1
pardon	1
parenthood	1
parenting	1
parishioner	1
parked	1
parliament	1
parole	1
parted	1
participate	1
participates	1
participating	1
participation	1
parting	1
partnership	1
partscora	1
pasadena	1
pass	1
passport	1
pastor	1
pastry	1
patching	1
pathway	1
patiently	1
patricia	1
patrik	1
patrol	1
patronsat	1
patterson	1
pawnman	1
pawtucket	1
peabo	1
peak	1
pebble	1
peck	1
pedophile	1
peldon	1
pellet	1
pena	1
penningtonthe	1
pentagon	1
peraza	1
perceived	1
perception	1
perdomo	1
perfectthe	1
performer	1
perlman	1
permeate	1
perpetuating	1
perplexing	1
perry	1
persevered	1
personalized	1
personally	1
perspective	1
persuade	1
pesky	1
petition	1
petrified	1
pew	1
phantom	1
pharmaceutical	1
pharmacy	1
phase	1
phenomenally	1
philosophy	1
phils	1
photo	1
piano	1
pic	1
picturesque	1
pigeonholed	1
pilot	1
pin	1
pinder	1
pingue	1
pink	1
pino	1
pioneer	1
pioneered	1
pistol	1
pit	1
pivotal	1
placement	1
plagued	1
plainly	1
plateau	1
platoon	1
playangels	1
playat	1
playground	1
playstation	1
plea	1
pleased	1
pledging	1
plotted	1
ploy	1
poaching	1
pob	1
pocket	1
poetic	1
pointing	1
poitier	1
pol	1
polio	1
polite	1
polkowski	1
polled	1
polytechnic	1
pomeranz	1
ponderosa	1
ponle	1
pooled	1
popjoey	1
populist	1
populous	1
portion	1
portland	1
portrayal	1
portugal	1
posed	1
positioning	1
postal	1
pot	1
potato	1
potency	1
potent	1
pounce	1
pouring	1
powellholbrook	1
ppg	1
practical	1
practically	1
practicing	1
pragmatic	1
prague	1
prayed	1
praying	1
precaution	1
precautionary	1
preceded	1
precision	1
preconception	1
predicts	1
predisposed	1
predominantly	1
preez	1
prefers	1
pregerson	1
pregnant	1
prejudice	1
prematurely	1
premiere	1
preoccupied	1
prep	1
prescription	1
presentation	1
preservation	1
preserved	1
presidency	1
pressatlantic	1
pressaugusta	1
presscincinnati	1
presscolorado	1
pressdallas	1
pressindianapolis	1
pressmeriden	1
pressmilwaukee	1
pressmontreal	1
pressnow	1
pressoakland	1
pressportland	1
pressthe	1
presstokyo	1
pressured	1
presswestwood	1
prestige	1
pretending	1
pretext	1
prevails	1
preview	1
priced	1
pricing	1
primal	1
primarily	1
primeval	1
print	1
privileged	1
privy	1
proceeds	1
proclaim	1
producing	1
production	1
profoundly	1
promoted	1
promoter	1
prompting	1
pronounced	1
proof	1
propensity	1
proper	1
proposed	1
proposition	1
propping	1
prose	1
prosecution	1
prosthetic	1
protagonist	1
protective	1
protest	1
protestant	1
protester	1
provides	1
province	1
provincial	1
provocation	1
pry	1
psychologically	1
publisher	1
puffy	1
pulsford	1
pummeling	1
pumping	1
punched	1
punching	1
punchouts	1
punctual	1
punish	1
punishing	1
purchased	1
purchaser	1
purpose	1
pushup	1
putted	1
puyallup	1
pyng	1
quadriceps	1
qualification	1
quarterfinal	1
quartet	1
quasi	1
questioned	1
quicksilver	1
quinn	1
quirky	1
quixotic	1
racial	1
racked	1
racketeering	1
radiohead	1
radiological	1
ragan	1
raged	1
raider	1
rail	1
railway	1
rainiers	1
raining	1
rainnew	1
raja	1
raked	1
ramp	1
ramping	1
rand	1
random	1
randomly	1
ranged	1
ranging	1
rans	1
rant	1
rapidly	1
rapped	1
rarely	1
rashly	1
ratio	1
ravine	1
raymond	1
razor	1
readied	1
reaffirmed	1
reagan	1
realistically	1
reality	1
realizing	1
realm	1
reared	1
reawakening	1
rebate	1
rebuild	1
rebuke	1
recaptured	1
receiver	1
receives	1
recommended	1
recordanthony	1
recorder	1
recounting	1
recovers	1
recoverymelvin	1
rectangular	1
redin	1
rediscovered	1
redsanchez	1
ree	1
reed	1
referring	1
refiled	1
refinitiv	1
reflective	1
reform	1
refreshing	1
refugee	1
refund	1
regained	1
regarded	1
reggae	1
registered	1
registering	1
regularly	1
regulator	1
rehabbing	1
rehabilitating	1
rehearsed	1
reika	1
reinforcement	1
reinstate	1
reiterated	1
reject	1
rejoined	1
rejoining	1
relayed	1
relearning	1
relented	1
relic	1
relicensed	1
reliefphillies	1
religion	1
relinquish	1
reluctance	1
relying	1
remaining	1
rematch	1
reminded	1
reminiscent	1
removal	1
rendering	1
renfroe	1
renowned	1
reopened	1
reorganize	1
reorienting	1
repaired	1
reparation	1
repeal	1
repertoire	1
replaces	1
reply	1
reprehensible	1
represent	1
reprise	1
reproduces	1
reputation	1
require	1
requirement	1
requisite	1
rescued	1
researcher	1
resemble	1
resembled	1
reserved	1
resetthe	1
resignation	1
resigned	1
resilience	1
resolved	1
resonated	1
resort	1
resourcefulness	1
respectas	1
respectful	1
respective	1
respectively	1
responder	1
responds	1
restarting	1
restnationals	1
restroom	1
resulted	1
resurrection	1
retained	1
retake	1
retardant	1
retinoblastoma	1
retreat	1
retrieves	1
retta	1
returnchampionship	1
reunited	1
reutersaugusta	1
reutersbrandon	1
reuterschris	1
reutersjames	1
reutersjose	1
reuterskitakyushu	1
reutersleft	1
reutersmatt	1
reutersmike	1
reutersnew	1
reutersspo	1
reutersunemployed	1
revealing	1
revelation	1
revenge	1
reverberated	1
reversal	1
reverse	1
reversing	1
reviewable	1
revitalize	1
reward	1
rewarded	1
reworked	1
rey	1
reyburn	1
rhea	1
rib	1
ribadeneira	1
ribbed	1
ricardo	1
rice	1
rickie	1
riddle	1
rider	1
ridicule	1
ridiculous	1
ridley	1
riegert	1
righteous	1
righties	1
rih	1
rile	1
riley	1
rink	1
riot	1
rioting	1
risked	1
ritchie	1
ritz	1
rivalrysince	1
roadhouse	1
roaring	1
robinsonscully	1
roble	1
robust	1
rode	1
rodent	1
rogen	1
rogue	1
roiling	1
roller	1
rollins	1
roman	1
romance	1
romantically	1
rome	1
romine	1
romney	1
romped	1
ronan	1
ronny	1
rooftop	1
roombrewers	1
roomcardinals	1
roommarlins	1
roompadres	1
roomphillies	1
roomred	1
roomreds	1
roomwhite	1
root	1
rooting	1
rope	1
rory	1
rosie	1
rotating	1
rouge	1
routing	1
roxy	1
rsns	1
rub	1
ruby	1
rudolph	1
rumor	1
rundown	1
rung	1
runningin	1
runway	1
rushed	1
rustin	1
rut	1
rutherford	1
sabotage	1
saburo	1
sack	1
sacramento	1
sacred	1
sad	1
sadler	1
safer	1
sailed	1
salk	1
salles	1
salter	1
salvador	1
salvaged	1
samira	1
samtiger	1
samuel	1
sand	1
sanderson	1
santiago	1
santos	1
saoirse	1
sapped	1
sapphire	1
sartre	1
satartia	1
satchel	1
satisfaction	1
satisfy	1
satisfying	1
saundra	1
savaging	1
savvy	1
saxon	1
scampered	1
scan	1
scar	1
scarred	1
scary	1
scathing	1
schauffele	1
scheifele	1
scheurwater	1
schilling	1
schmoozing	1
schoolers	1
schoolteacher	1
schroder	1
schroeder	1
schultz	1
schulze	1
scoop	1
scooped	1
scooping	1
scooter	1
scoreby	1
scorer	1
scout	1
scouting	1
scrambled	1
screamed	1
screaming	1
screening	1
screenwriter	1
screw	1
scribner	1
scripted	1
scrounging	1
scrutiny	1
scuffling	1
scuttled	1
seafarer	1
seahawks	1
sealed	1
seam	1
seamer	1
seamless	1
searched	1
searchingpatrick	1
seated	1
sebelius	1
secretive	1
seep	1
segment	1
segregation	1
seine	1
select	1
selena	1
selfies	1
seller	1
selling	1
sellout	1
semantic	1
semifinal	1
sensation	1
sensitive	1
separately	1
separating	1
sequel	1
sequence	1
sequencing	1
seranthony	1
serenaded	1
sergio	1
serialized	1
serjeant	1
serviceable	1
sesame	1
settlement	1
sewage	1
sewald	1
sewer	1
sewn	1
sexuality	1
shack	1
shade	1
shaded	1
shadwell	1
shaft	1
shakythe	1
shall	1
shannen	1
shannon	1
shaping	1
sharenting	1
shark	1
sharper	1
shaw	1
shea	1
shed	1
sheffield	1
shelf	1
shelton	1
shemona	1
shenzhen	1
shepardson	1
shepherd	1
shied	1
shigetoshi	1
shine	1
shined	1
shiny	1
shock	1
shocked	1
shohei	1
shone	1
shooter	1
shootout	1
shopper	1
shore	1
shortage	1
shortcut	1
shotgun	1
shoturena	1
shoveled	1
shower	1
shown	1
shrugging	1
shuffle	1
shuh	1
shutdown	1
shuttle	1
sibling	1
sid	1
sidearm	1
sidewalk	1
sierra	1
sifted	1
sighed	1
sighting	1
signature	1
significantly	1
silencea	1
silicone	1
similarly	1
sin	1
sinai	1
sinatra	1
sinema	1
sinus	1
sipped	1
situated	1
sizzler	1
skating	1
skeptical	1
skepticism	1
skidded	1
skimmed	1
skipping	1
skull	1
sky	1
skyler	1
sla	1
slamming	1
slapping	1
slavery	1
sliced	1
slick	1
slight	1
slightest	1
slime	1
sling	1
slippery	1
slipping	1
sliver	1
slope	1
sloppiness	1
sloppinessmore	1
sloppyboston	1
slot	1
slotted	1
slowinski	1
sluggish	1
slumpingcardinals	1
slur	1
smacking	1
smartphones	1
smiled	1
smirking	1
smokey	1
smoltz	1
smuggling	1
smyly	1
snagged	1
snare	1
snared	1
sneaker	1
sniper	1
snowden	1
snowflake	1
snowstorm	1
snydergaard	1
soapbox	1
softest	1
softly	1
sole	1
solution	1
solve	1
somehow	1
sometime	1
sonora	1
sony	1
soo	1
soothing	1
sophisticated	1
sorvino	1
source	1
southeast	1
southeastern	1
southpaw	1
southwest	1
soviet	1
sow	1
spacesloved	1
spain	1
sparking	1
sparkling	1
sparkplug	1
sparsely	1
specifically	1
specificity	1
speck	1
spector	1
spectrum	1
speculation	1
speculative	1
sped	1
speedily	1
spelman	1
spends	1
spendthrift	1
sphere	1
spiderman	1
spike	1
spiking	1
spilled	1
spin	1
spire	1
spiritually	1
spiro	1
splash	1
splashed	1
splayed	1
spoil	1
spokesperson	1
sponge	1
sportsan	1
sportsmanship	1
spotlesscleveland	1
spotting	1
sprawled	1
spray	1
spree	1
sprice	1
spurred	1
sputtered	1
squandered	1
squash	1
squaw	1
squeaking	1
squirrelly	1
stab	1
stabbed	1
stabilized	1
stacey	1
stacked	1
staged	1
staggered	1
staind	1
stalking	1
stall	1
stalled	1
stallion	1
stalwart	1
stamets	1
stan	1
standalone	1
stansfield	1
staple	1
stapleton	1
stardom	1
stared	1
stargell	1
starring	1
starterscahill	1
startkikuchi	1
startrodriguez	1
stastny	1
staten	1
stationary	1
statue	1
stature	1
staubach	1
staying	1
stealer	1
steckenrider	1
steel	1
steep	1
steeplechaser	1
steinbeck	1
stemmed	1
stemming	1
steppenwolf	1
stevenson	1
sticker	1
stiff	1
stimulate	1
stinging	1
stirred	1
stitch	1
stitched	1
stitching	1
stockholm	1
stockpot	1
stooping	1
stopwatch	1
storefront	1
storied	1
stormed	1
storyteller	1
strahm	1
straightforward	1
straining	1
stranding	1
strapped	1
strategized	1
straw	1
streakbryce	1
streakyrendon	1
streetlight	1
strengthened	1
strengthening	1
stressed	1
stretching	1
stricter	1
strictly	1
stride	1
stripped	1
strode	1
stroking	1
strolled	1
strongest	1
structural	1
stu	1
studio	1
studying	1
stunning	1
stymie	1
subbed	1
subcommittee	1
subjected	1
subluxation	1
subsequently	1
substance	1
substantial	1
substantially	1
substitute	1
subtle	1
suburb	1
suburban	1
succeeding	1
successive	1
successor	1
succumbing	1
suffer	1
sugarcoat	1
suggest	1
suggestion	1
suggests	1
suite	1
suiting	1
summarizes	1
summit	1
summons	1
sundayin	1
sundqvist	1
sunflower	1
sunny	1
superboy	1
superintendent	1
superman	1
superstition	1
supervising	1
supervisor	1
supplementing	1
supraspinatus	1
sur	1
surf	1
surfaced	1
surfing	1
surgically	1
surging	1
surmountable	1
surpassed	1
surpassing	1
surreal	1
surrender	1
surrendering	1
survive	1
surviving	1
suspicion	1
sustain	1
sustainable	1
sustaining	1
suzanne	1
suzzanne	1
swap	1
swarzak	1
swelled	1
swelling	1
swift	1
swigert	1
swim	1
swimmer	1
swinger	1
swiped	1
swirl	1
switch	1
switchcolin	1
swollen	1
sylvia	1
symbionese	1
symbolizing	1
synagogue	1
sync	1
syndicated	1
syndrome	1
szalaiwhen	1
table	1
tablerock	1
tackle	1
tactic	1
tagalog	1
taipei	1
takeout	1
takeover	1
taker	1
takumi	1
taller	1
tallest	1
talusanillustrated	1
talusans	1
tam	1
tamerlan	1
tangible	1
tania	1
tanker	1
tantamount	1
taoist	1
tapped	1
tapping	1
targeting	1
tarnished	1
tarp	1
tart	1
tatiana	1
tatispadres	1
tattered	1
tattoo	1
tattooed	1
taught	1
taunt	1
taxed	1
tchaikovsky	1
teared	1
teasing	1
tech	1
technical	1
teeming	1
teenager	1
teeth	1
tehran	1
telephone	1
televised	1
temper	1
temperament	1
tempo	1
temporarily	1
tended	1
tender	1
tenderness	1
tendon	1
tenement	1
tenn	1
tension	1
tenuously	1
teres	1
terrain	1
terrific	1
terrill	1
testament	1
testicular	1
tethered	1
tex	1
texan	1
thailand	1
thanking	1
thaw	1
thawing	1
themasters	1
theme	1
therapist	1
therapy	1
thigh	1
thinner	1
thirty	1
thomason	1
thorn	1
thornburg	1
thorough	1
thread	1
threatened	1
thriller	1
thrilling	1
thrive	1
thrived	1
thrivent	1
thriving	1
throbbing	1
throne	1
throwback	1
thug	1
thumping	1
thundered	1
thunderous	1
thunderstorm	1
tiananmen	1
ticked	1
tigershortly	1
tile	1
till	1
tilt	1
timber	1
timed	1
timeframe	1
timessupported	1
timid	1
tinderbox	1
tinkering	1
tipoff	1
tipped	1
tirade	1
tire	1
tissue	1
titan	1
titled	1
toastytemperatures	1
toddler	1
toh	1
tolerate	1
tolerated	1
toll	1
tone	1
tonto	1
toothed	1
topping	1
topple	1
topps	1
tore	1
torment	1
tormented	1
torrid	1
tossedbaldelli	1
tossedmartinez	1
totality	1
touching	1
toughest	1
tourism	1
tourthe	1
towards	1
towel	1
towngiants	1
townhome	1
townspeople	1
toyed	1
tracey	1
tracksuit	1
traction	1
trademark	1
traffic	1
tragic	1
train	1
tramp	1
tranquillity	1
trans	1
transaction	1
transfer	1
transformation	1
transformed	1
transitioned	1
transmission	1
transport	1
trapping	1
trauma	1
traumatic	1
travers	1
treating	1
treinen	1
trench	1
trevino	1
triathlon	1
tribal	1
triceps	1
tricia	1
trickled	1
tricky	1
triggering	1
trimming	1
trio	1
tripping	1
trivino	1
trop	1
trot	1
trudging	1
trumbo	1
trunk	1
trustee	1
tuba	1
tucci	1
tucked	1
tune	1
tunefor	1
tunnel	1
turkey	1
turkish	1
turnout	1
turow	1
tuscan	1
tuskegee	1
tutor	1
tuve	1
tweak	1
tweaked	1
tweaking	1
tweet	1
tweeting	1
twisted	1
tycoon	1
tyng	1
uber	1
ubiquity	1
uelos	1
ugly	1
uhs	1
ukraine	1
ulfig	1
ullmann	1
ultimate	1
umbarger	1
unadorned	1
unanimous	1
unanimously	1
unannounced	1
unapologetic	1
unavailable	1
unbelievably	1
uncomplicated	1
uncontested	1
undefeated	1
underachiever	1
undercard	1
undercutting	1
underdog	1
underfoot	1
undergoes	1
underline	1
undermined	1
underperform	1
underperformance	1
underpromise	1
underrated	1
underscore	1
undersized	1
understandable	1
understands	1
understatement	1
understood	1
underway	1
underwent	1
underworld	1
undoubtedly	1
undrafted	1
unemployed	1
unemployment	1
uneven	1
unfairly	1
unfazed	1
unfolding	1
unfurled	1
unglued	1
unhinged	1
unimaginable	1
uninjured	1
uniondale	1
unit	1
unites	1
universe	1
unless	1
unlikely	1
unlimited	1
unload	1
unloaded	1
unnerving	1
unraveled	1
unrelenting	1
unseasonable	1
unseen	1
unsigned	1
unstoppable	1
untested	1
untruthful	1
unveiled	1
unwashed	1
updated	1
updating	1
upend	1
upended	1
upgrade	1
uphill	1
uplifting	1
ups	1
upthe	1
urban	1
urging	1
urie	1
urshela	1
utsugi	1
vaccine	1
valenzuela	1
valery	1
validation	1
vallejo	1
valparaiso	1
valued	1
van	1
vanished	1
vanity	1
vanous	1
vardon	1
variation	1
varies	1
vasilevskiy	1
velazquez	1
venable	1
venting	1
ventricular	1
venture	1
veracruz	1
verdict	1
verhagen	1
vernon	1
vertical	1
veto	1
viability	1
vibe	1
vicellous	1
vicente	1
vicksburg	1
victoria	1
victorious	1
videotape	1
vietnam	1
viewed	1
viewership	1
vigilance	1
viking	1
viktor	1
vilseck	1
vinny	1
vintage	1
violated	1
violence	1
violin	1
viral	1
visa	1
visualization	1
vital	1
vivien	1
viz	1
vladimir	1
vocabulary	1
vocal	1
voice	1
voiced	1
volatility	1
volleyball	1
volume	1
voted	1
vue	1
vulnerable	1
vying	1
wabash	1
wage	1
waged	1
wager	1
waggoner	1
wagner	1
wagneras	1
wagnereddie	1
wagnerfor	1
wagnerhouston	1
wagnermaybe	1
wagnerwhen	1
waistband	1
waldsteinboston	1
walkoff	1
walkout	1
wallbradley	1
waller	1
walt	1
warmly	1
warmup	1
warned	1
warping	1
warplane	1
warrant	1
warranted	1
wary	1
warzel	1
watcher	1
waved	1
wavered	1
waving	1
wayne	1
wayray	1
weary	1
webbing	1
weed	1
weekgerman	1
weektiger	1
wegner	1
weigh	1
weighing	1
weighted	1
weinberg	1
weingart	1
weinstein	1
weiters	1
wellington	1
wen	1
wend	1
wertz	1
wertzcorey	1
westchester	1
westwood	1
wfxt	1
whaaaat	1
wheel	1
whereabouts	1
wherever	1
whiffed	1
whipped	1
whirlwind	1
whisker	1
whizzed	1
whomever	1
widened	1
wideout	1
widowmaker	1
wieck	1
wiggled	1
wilcox	1
wildfire	1
wiley	1
williamstunica	1
willie	1
willingness	1
willpower	1
windfall	1
wine	1
wing	1
wink	1
winslow	1
wintry	1
wiped	1
wipeout	1
wiping	1
wiry	1
wisdom	1
wise	1
wisler	1
wit	1
withers	1
witnessed	1
wizard	1
wnba	1
woesporcello	1
wolf	1
wonderful	1
wondering	1
woodbine	1
woodland	1
workload	1
workshop	1
wowed	1
wrath	1
wrecked	1
wrestle	1
wru	1
wyn	1
wyo	1
xaverian	1
xavier	1
xiv	1
yairo	1
yank	1
yanking	1
yarn	1
yastrzemski	1
yavapai	1
yell	1
yellow	1
yeon	1
yez	1
yimi	1
yoga	1
yoon	1
yorkan	1
yorkers	1
youthful	1
yuri	1
zacarias	1
zak	1
zeile	1
zhengzhou	1
zip	1
