game	899
point	701
season	699
first	476
team	454
playoff	376
time	370
coach	343
one	343
last	278
two	259
player	243
final	234
new	230
second	227
get	213
series	211
scored	202
basketball	194
state	191
year	191
win	190
back	189
night	189
warrior	178
going	177
play	177
four	176
nba	175
day	174
school	169
left	168
rebound	166
since	160
three	158
way	158
made	156
round	156
million	152
aVbyby	151
got	148
know	148
career	146
high	146
shot	145
best	143
angeles	140
quarter	140
conference	139
could	139
home	139
even	137
lakers	137
league	137
right	135
star	133
third	133
los	130
wade	129
lead	128
city	125
james	125
want	125
minute	123
make	122
five	120
postseason	120
played	119
associated	117
guard	116
went	116
injury	115
people	115
regular	115
good	114
led	113
record	113
sport	112
take	112
johnson	107
thing	107
think	107
never	106
curry	105
much	103
title	103
fan	102
half	102
golden	100
many	100
assist	99
clipper	99
fourth	97
next	97
well	97
without	95
denver	94
net	94
walton	94
big	93
head	93
start	93
added	92
life	92
part	92
seven	92
center	91
forward	91
run	91
championship	90
great	90
lot	89
nugget	88
playing	88
lost	87
say	87
san	86
week	86
court	85
free	85
come	84
may	83
really	83
top	83
spur	82
york	81
end	80
king	80
pointer	80
tuesday	80
another	79
antonio	79
nine	79
place	79
wednesday	79
guy	78
job	78
month	78
still	78
cousin	77
bench	76
early	76
toronto	76
long	75
need	75
portland	75
seed	75
student	75
williams	75
magic	74
six	73
straight	73
eight	72
franchise	72
finished	71
including	71
came	70
boston	69
history	69
took	69
blazer	68
coming	68
double	68
draft	68
missed	68
oklahoma	68
around	67
buck	67
every	67
family	67
celtic	66
loss	66
always	65
field	65
knicks	65
something	65
told	65
victory	65
work	65
put	64
past	63
young	63
better	62
durant	62
late	62
president	62
seeded	62
raptor	61
western	61
former	60
level	60
pain	60
philadelphia	60
ball	59
open	59
sixer	59
feel	58
later	58
look	58
starting	58
thunder	58
winning	58
cavalier	57
college	57
houston	57
pacer	57
world	56
announced	55
cbs	55
getting	55
sunday	55
help	54
man	54
national	54
agent	53
change	53
detroit	53
men	53
milwaukee	53
piston	53
virginia	53
face	52
friend	52
general	52
old	52
paul	52
see	52
set	52
tournament	52
away	51
knee	51
lebron	51
orlando	51
return	51
beat	50
brooklyn	50
john	50
major	50
manager	50
monday	50
ncaa	50
saturday	50
shooting	50
far	49
griffin	49
hard	49
keep	49
least	49
leonard	49
nearly	49
pick	49
sacramento	49
summer	49
though	49
champion	48
cleveland	48
decision	48
fifth	48
friday	48
show	48
started	48
try	48
award	47
jazz	47
let	47
moment	47
murray	47
percent	47
russell	47
utah	47
embiid	46
kerr	46
losing	46
love	46
sun	46
foot	45
little	45
thursday	45
yet	45
eastern	44
heat	44
room	44
several	44
spring	44
throw	44
ago	43
american	43
become	43
chance	43
deal	43
find	43
following	43
helped	43
indiana	43
kind	43
rocket	43
university	43
called	42
different	42
east	42
lillard	42
move	42
opener	42
opening	42
trade	42
trying	42
westbrook	42
assistant	41
became	41
ever	41
expected	41
making	41
role	41
spot	41
anthony	40
april	40
athlete	40
miami	40
scoring	40
thought	40
town	40
already	39
case	39
ended	39
front	39
give	39
hope	39
march	39
might	39
texas	39
white	39
arena	38
averaged	38
behind	38
bennett	38
hit	38
often	38
orleans	38
pelican	38
statement	38
together	38
boy	37
future	37
goal	37
leading	37
medium	37
news	37
teammate	37
trail	37
triple	37
among	36
bus	36
davis	36
found	36
gave	36
harris	36
official	36
recruiting	36
simmons	36
son	36
story	36
surgery	36
weekend	36
asked	35
began	35
betting	35
brown	35
contract	35
foul	35
hour	35
house	35
nowitzki	35
operation	35
phoenix	35
popcorn	35
returned	35
sixth	35
sure	35
taking	35
tip	35
used	35
able	34
antetokounmpo	34
athletic	34
beverley	34
border	34
crowd	34
defense	34
experience	34
felt	34
grizzly	34
kid	34
mean	34
plan	34
pressure	34
tied	34
along	33
coaching	33
couple	33
drew	33
earlier	33
everything	33
fired	33
golf	33
halftime	33
per	33
sabathia	33
steve	33
west	33
comeback	32
dallas	32
divac	32
figure	32
george	32
heart	32
held	32
hurt	32
likely	32
line	32
master	32
memphis	32
mile	32
number	32
riley	32
today	32
woman	32
casino	31
done	31
everyone	31
known	31
missing	31
opportunity	31
overall	31
problem	31
reason	31
tatum	31
wanted	31
appearance	30
begin	30
consecutive	30
enough	30
everybody	30
green	30
looking	30
remaining	30
tech	30
worst	30
attempt	29
full	29
hand	29
january	29
jersey	29
le	29
live	29
locker	29
morning	29
nothing	29
performance	29
social	29
talk	29
agency	28
ahead	28
butler	28
decade	28
irving	28
kevin	28
lsu	28
money	28
owner	28
position	28
probably	28
program	28
ready	28
recent	28
rookie	28
situation	28
smart	28
soccer	28
staff	28
starter	28
tony	28
watch	28
watching	28
wood	28
according	27
almost	27
bad	27
break	27
chris	27
course	27
director	27
duke	27
finale	27
football	27
group	27
issue	27
jokic	27
jones	27
nikola	27
pair	27
phone	27
process	27
received	27
road	27
sign	27
tell	27
tunica	27
advantage	26
average	26
barnes	26
business	26
country	26
despite	26
freshman	26
given	26
harden	26
june	26
leader	26
list	26
luke	26
mccollum	26
mediaadvertisement	26
miss	26
moved	26
office	26
reported	26
score	26
seventh	26
signed	26
within	26
cavs	25
deep	25
division	25
favorite	25
gordon	25
host	25
included	25
looked	25
mike	25
saw	25
step	25
support	25
tough	25
turned	25
winner	25
area	24
class	24
decided	24
floor	24
however	24
joerger	24
leave	24
lowry	24
met	24
michael	24
possible	24
range	24
result	24
success	24
tie	24
tiger	24
aldridge	23
believe	23
biggest	23
chicago	23
continue	23
fact	23
father	23
feeling	23
interview	23
knew	23
liverpool	23
lose	23
mark	23
matter	23
outside	23
overtime	23
person	23
revenue	23
sometimes	23
stay	23
stephen	23
thompson	23
timberwolves	23
turn	23
alleva	22
altman	22
anything	22
california	22
close	22
closed	22
defensive	22
drummond	22
engel	22
entire	22
especially	22
eye	22
instead	22
lineup	22
local	22
offer	22
opened	22
oracle	22
parent	22
pastor	22
patrol	22
post	22
pretty	22
question	22
report	22
reporter	22
stevens	22
throughout	22
transfer	22
turnover	22
video	22
washington	22
worked	22
across	21
allen	21
appeared	21
blue	21
call	21
club	21
defending	21
else	21
girl	21
hall	21
july	21
kept	21
key	21
name	21
named	21
ogunbowale	21
others	21
reporting	21
rest	21
roster	21
small	21
special	21
stage	21
stand	21
technical	21
united	21
whether	21
air	20
body	20
brought	20
charge	20
child	20
contributed	20
cost	20
daughter	20
dixon	20
drought	20
ending	20
finally	20
finish	20
fox	20
giannis	20
highlight	20
jordan	20
kanter	20
kyle	20
lottery	20
meeting	20
nipsey	20
patrick	20
perhaps	20
public	20
ran	20
red	20
river	20
senior	20
shoulder	20
spent	20
tax	20
torn	20
use	20
watched	20
whose	20
williamson	20
aaron	19
age	19
apiece	19
atlanta	19
baseball	19
beating	19
bit	19
budenholzer	19
car	19
caught	19
event	19
executive	19
fall	19
interim	19
jackson	19
larry	19
leaving	19
macleod	19
malone	19
maverick	19
maybe	19
mother	19
organization	19
owned	19
physical	19
reached	19
real	19
showed	19
someone	19
song	19
stop	19
system	19
talking	19
test	19
training	19
understand	19
visiting	19
whatever	19
agreed	18
andre	18
ankle	18
avenatti	18
bay	18
coached	18
community	18
considered	18
dave	18
effort	18
fell	18
fun	18
go	18
joel	18
middle	18
nation	18
nbc	18
pas	18
popovich	18
practice	18
pulled	18
ray	18
reach	18
rule	18
sat	18
saying	18
service	18
share	18
short	18
side	18
significant	18
south	18
stuff	18
tennessee	18
term	18
trailed	18
twitter	18
valley	18
achilles	17
averaging	17
ben	17
brother	17
candidate	17
clinched	17
combined	17
company	17
earned	17
either	17
entering	17
espn	17
fire	17
happened	17
happy	17
matchup	17
minnesota	17
needed	17
offensive	17
possession	17
pregame	17
press	17
promise	17
recently	17
running	17
simon	17
society	17
streak	17
stretch	17
strong	17
total	17
version	17
word	17
wrote	17
andrew	16
available	16
beyond	16
black	16
bring	16
brook	16
conversation	16
dropped	16
dwyane	16
easy	16
fellow	16
giving	16
gone	16
happen	16
hayward	16
headed	16
hoping	16
important	16
jumper	16
member	16
message	16
moving	16
navajo	16
offense	16
photo	16
piece	16
quickly	16
rick	16
schedule	16
soon	16
swept	16
talented	16
tendon	16
trip	16
walk	16
whole	16
working	16
absence	15
answer	15
board	15
bull	15
calif	15
control	15
defeat	15
demarcus	15
derozan	15
dick	15
difficult	15
door	15
dream	15
excited	15
fear	15
followed	15
gambling	15
growing	15
handed	15
health	15
holbrook	15
hornet	15
joined	15
kansa	15
kyrie	15
marcus	15
must	15
narrowsburg	15
photographer	15
potential	15
professional	15
proud	15
rival	15
search	15
security	15
seen	15
shoot	15
single	15
sneaker	15
street	15
successful	15
table	15
trump	15
voice	15
wife	15
writer	15
yankee	15
account	14
active	14
actually	14
although	14
anyone	14
arrived	14
atkinson	14
basket	14
blow	14
bogut	14
build	14
building	14
camera	14
charlotte	14
clear	14
consider	14
cup	14
deficit	14
definitely	14
drafted	14
drive	14
eighth	14
energy	14
fine	14
focus	14
follow	14
grew	14
hired	14
inside	14
jan	14
kawhi	14
lamarcus	14
loggins	14
lue	14
meet	14
memory	14
michigan	14
mitchell	14
mvp	14
nike	14
ninth	14
nurkic	14
nurse	14
order	14
picture	14
pitcher	14
pound	14
prize	14
pro	14
quad	14
race	14
rallied	14
respect	14
scorer	14
seemed	14
siakam	14
sitting	14
struggled	14
taken	14
thank	14
toward	14
trailing	14
vucevic	14
alone	13
arm	13
book	13
built	13
care	13
certainly	13
client	13
comment	13
contact	13
culture	13
current	13
cut	13
damian	13
date	13
death	13
dirk	13
due	13
february	13
fight	13
florida	13
focused	13
fouled	13
grabbed	13
grader	13
graduate	13
healthy	13
helping	13
instagram	13
joining	13
klay	13
longtime	13
male	13
match	13
millsap	13
mind	13
obviously	13
paid	13
pay	13
plus	13
posted	13
power	13
price	13
pull	13
quarterback	13
recruit	13
reserve	13
returning	13
robertson	13
seat	13
seem	13
sent	13
served	13
sophomore	13
stereotype	13
struggle	13
talked	13
tear	13
usually	13
veteran	13
actor	12
aggressive	12
allowed	12
art	12
association	12
attack	12
avoid	12
beginning	12
bet	12
blake	12
bob	12
bought	12
buy	12
carolina	12
challenge	12
clifford	12
competitive	12
condition	12
connection	12
county	12
dame	12
david	12
degree	12
derrick	12
described	12
district	12
enter	12
extended	12
facing	12
failed	12
federal	12
filled	12
force	12
fresh	12
gary	12
greatest	12
hill	12
hoggard	12
hole	12
hotel	12
includes	12
jack	12
jeanie	12
junior	12
law	12
leadership	12
learn	12
legal	12
limited	12
manchester	12
middleton	12
music	12
native	12
near	12
network	12
nicklaus	12
north	12
notre	12
pat	12
perfect	12
period	12
police	12
popular	12
reaching	12
reddish	12
relationship	12
ross	12
salary	12
scholarship	12
secured	12
seems	12
silver	12
sit	12
smith	12
somebody	12
sound	12
strength	12
suffered	12
superstar	12
supposed	12
surprise	12
thinking	12
tonight	12
trouble	12
ucla	12
vince	12
vlade	12
walking	12
wish	12
accept	11
action	11
agreement	11
amount	11
announcement	11
anxiety	11
attention	11
australian	11
berth	11
bigger	11
born	11
bound	11
bowl	11
brand	11
cause	11
check	11
christian	11
compared	11
compiled	11
confidence	11
conley	11
credit	11
dealing	11
devil	11
died	11
donovan	11
dozen	11
dunk	11
edge	11
edt	11
elbow	11
elite	11
emotional	11
era	11
eric	11
european	11
expect	11
expectation	11
familiar	11
forget	11
frazells	11
hawk	11
heading	11
hold	11
hot	11
improvement	11
include	11
jeff	11
kenny	11
layup	11
leaf	11
leg	11
levert	11
listed	11
low	11
managed	11
marc	11
masterman	11
online	11
opponent	11
option	11
pelinka	11
personal	11
previous	11
recovering	11
revealed	11
ride	11
routine	11
scheduled	11
seeing	11
send	11
shared	11
shoe	11
skill	11
sort	11
stake	11
style	11
survivor	11
television	11
thumb	11
tobias	11
traded	11
tunnel	11
ultimately	11
value	11
vice	11
visit	11
wearing	11
yes	11
acknowledged	10
add	10
addition	10
adelman	10
allow	10
allowing	10
angelo	10
appreciate	10
approach	10
article	10
attend	10
attended	10
augusta	10
augustin	10
bagley	10
baylor	10
becoming	10
bickerstaff	10
block	10
buddy	10
campaign	10
campus	10
carmelo	10
casey	10
ceremony	10
certain	10
changed	10
church	10
closing	10
committed	10
confident	10
connecticut	10
courtside	10
defender	10
demar	10
departure	10
desire	10
editing	10
ejected	10
eliminated	10
ene	10
english	10
enjoy	10
entered	10
evening	10
example	10
fame	10
finding	10
finishing	10
food	10
foundation	10
fraud	10
frazell	10
fully	10
gasol	10
generation	10
gentry	10
growth	10
higher	10
highest	10
holding	10
honor	10
hundred	10
idea	10
immediately	10
impact	10
india	10
interest	10
investigation	10
jacket	10
jamal	10
jerome	10
jimmy	10
journey	10
kentucky	10
learned	10
lou	10
matt	10
modern	10
moore	10
moretti	10
movie	10
nice	10
noted	10
opinion	10
park	10
path	10
paying	10
picked	10
plenty	10
pressnew	10
prosecutor	10
prospect	10
pulitzer	10
ranking	10
rate	10
replace	10
risk	10
ruegsegger	10
semifinal	10
serious	10
sidelined	10
signature	10
sister	10
snapped	10
softball	10
soreness	10
source	10
status	10
suit	10
suspension	10
tigerwoods	10
tokyo	10
tried	10
true	10
truly	10
tyler	10
type	10
viewer	10
violence	10
vote	10
walked	10
wide	10
widely	10
wooden	10
worse	10
worth	10
younger	10
accused	9
akron	9
backup	9
bar	9
based	9
bernstein	9
bill	9
blood	9
bogdanovic	9
boo	9
booing	9
carry	9
catch	9
cheer	9
closer	9
collected	9
columbine	9
com	9
common	9
concern	9
connected	9
contender	9
cool	9
council	9
cover	9
cry	9
danger	9
dec	9
declined	9
dell	9
depth	9
devastating	9
doctor	9
doubt	9
education	9
emotion	9
england	9
exactly	9
fair	9
fantastic	9
fighting	9
fit	9
francisco	9
gobert	9
god	9
gold	9
grand	9
gregg	9
ground	9
grow	9
happening	9
happens	9
harper	9
harrell	9
hbo	9
howard	9
huge	9
identity	9
iii	9
image	9
increased	9
injured	9
inning	9
insisted	9
international	9
jason	9
journalist	9
khris	9
knocked	9
kobe	9
kowalski	9
lady	9
land	9
landing	9
lift	9
listen	9
longer	9
longest	9
looney	9
lopez	9
loved	9
management	9
marvin	9
meant	9
meanwhile	9
mill	9
mirotic	9
mississippi	9
muscle	9
oct	9
olympics	9
organizer	9
party	9
photograph	9
positive	9
prison	9
profile	9
putting	9
rather	9
read	9
receive	9
redick	9
remarkable	9
resource	9
ring	9
rise	9
ritual	9
robert	9
route	9
row	9
ryan	9
sank	9
screen	9
shift	9
shooter	9
sore	9
speaking	9
split	9
stadium	9
steal	9
stein	9
storm	9
stotts	9
struggling	9
super	9
tampa	9
terry	9
thanks	9
thrilled	9
tougher	9
trading	9
tribute	9
twice	9
upon	9
wait	9
walker	9
wall	9
wallace	9
weather	9
ability	8
acquired	8
adding	8
additional	8
afterward	8
amazing	8
america	8
anymore	8
arrival	8
atlantic	8
attorney	8
auction	8
bag	8
barrett	8
believed	8
billion	8
bledsoe	8
brings	8
bryant	8
buzzer	8
celebrated	8
charged	8
claim	8
colorado	8
completed	8
confirmed	8
considering	8
convicted	8
corner	8
count	8
deadline	8
department	8
difference	8
digit	8
dinwiddie	8
direction	8
discus	8
dramatic	8
draw	8
draymond	8
drill	8
eating	8
eligibility	8
embrace	8
embraced	8
encouraged	8
enjoyed	8
entirely	8
eventually	8
ewing	8
exam	8
exchange	8
faced	8
facility	8
fast	8
feb	8
film	8
firing	8
flagrant	8
forced	8
form	8
global	8
government	8
grad	8
grade	8
grande	8
grant	8
greek	8
habit	8
hear	8
heard	8
hield	8
hip	8
hire	8
hometown	8
hoop	8
introduced	8
joe	8
join	8
joseph	8
keeping	8
kennard	8
killed	8
knowing	8
koby	8
large	8
latest	8
learning	8
legend	8
light	8
living	8
luck	8
matthew	8
mexican	8
minor	8
morris	8
multiple	8
nature	8
necessary	8
nick	8
nielsen	8
offered	8
offseason	8
ovation	8
particularly	8
partner	8
passed	8
payment	8
payton	8
poised	8
possibility	8
prepared	8
present	8
pressoakland	8
progress	8
proposal	8
push	8
quality	8
quite	8
raised	8
rally	8
ranked	8
reading	8
realize	8
release	8
remains	8
require	8
required	8
responsibility	8
reuters	8
reynolds	8
rhythm	8
rich	8
rock	8
saunders	8
scenario	8
scott	8
selected	8
selection	8
sell	8
september	8
shamet	8
showing	8
solid	8
soul	8
square	8
standing	8
steph	8
stewart	8
store	8
sustained	8
talent	8
teacher	8
tennis	8
tom	8
tour	8
triumph	8
tweeted	8
tyronn	8
unlikely	8
update	8
upper	8
using	8
usual	8
victim	8
waiting	8
warm	8
winter	8
wizard	8
wojnarowski	8
write	8
abc	7
act	7
adam	7
adjustment	7
advance	7
alabama	7
allegation	7
analyst	7
annual	7
answered	7
anyway	7
appear	7
arc	7
arizona	7
australia	7
bank	7
barclays	7
beach	7
beautiful	7
belief	7
betances	7
breaking	7
brett	7
briefly	7
bright	7
bringing	7
broken	7
camp	7
cap	7
carter	7
celebration	7
challenging	7
character	7
chase	7
choose	7
circle	7
circumstance	7
combination	7
comfortable	7
compete	7
complete	7
completely	7
continued	7
created	7
criticism	7
dangerous	7
daniel	7
danny	7
dead	7
dealt	7
declare	7
defeated	7
depending	7
development	7
disappointing	7
distraction	7
dram	7
eager	7
earn	7
easier	7
entertainment	7
episode	7
established	7
facebook	7
failing	7
falling	7
featured	7
filed	7
fill	7
forest	7
gap	7
garden	7
gender	7
giambra	7
goodbye	7
heavily	7
heavy	7
herro	7
hopefully	7
human	7
ian	7
improved	7
incredible	7
individual	7
inspired	7
involved	7
jarrett	7
josh	7
jusuf	7
lack	7
laugh	7
lawyer	7
letter	7
lightning	7
limit	7
load	7
lock	7
louisiana	7
marked	7
market	7
mary	7
mexico	7
midway	7
mistake	7
momentum	7
montrezl	7
noah	7
normal	7
notice	7
oakland	7
occasion	7
offering	7
older	7
ore	7
owns	7
parker	7
pascal	7
peabody	7
pera	7
percentile	7
pitching	7
pope	7
porter	7
presence	7
presslos	7
prime	7
prior	7
project	7
provide	7
pursuit	7
pushed	7
quadriceps	7
qualified	7
rebuild	7
referee	7
regional	7
remember	7
reportedly	7
representative	7
resident	7
rested	7
retirement	7
rio	7
rob	7
rudy	7
seattle	7
sec	7
self	7
sense	7
signing	7
simply	7
slam	7
slightly	7
sooner	7
speak	7
spencer	7
spend	7
spending	7
spoke	7
stepped	7
string	7
sweet	7
tactic	7
telling	7
text	7
theater	7
threat	7
track	7
travel	7
treatment	7
trophy	7
understanding	7
upset	7
victor	7
view	7
vision	7
visited	7
water	7
wee	7
weight	7
wild	7
wind	7
wisconsin	7
wound	7
yard	7
zion	7
abdul	6
academic	6
accomplished	6
achievement	6
acre	6
actress	6
adjust	6
adler	6
adrian	6
advanced	6
aired	6
amid	6
angioplasty	6
anybody	6
approached	6
approval	6
artist	6
athens	6
aware	6
barely	6
battle	6
benefit	6
blew	6
bloom	6
boat	6
bond	6
booed	6
brad	6
cam	6
capture	6
carpenter	6
cassell	6
central	6
chant	6
charles	6
cheering	6
chief	6
choice	6
clark	6
clearly	6
clinch	6
clothing	6
coast	6
coffee	6
collapse	6
color	6
comfort	6
competition	6
congrats	6
congratulation	6
corp	6
countless	6
covering	6
create	6
crucial	6
custom	6
dad	6
daily	6
debut	6
defeating	6
defensively	6
demand	6
denied	6
deserve	6
detail	6
determined	6
disappointed	6
disaster	6
discussion	6
dismissed	6
doc	6
drawing	6
dwane	6
editor	6
email	6
emerged	6
enforcement	6
entertaining	6
escape	6
exit	6
expensive	6
extension	6
extra	6
fairly	6
famer	6
fashion	6
feature	6
federer	6
feed	6
fewer	6
financial	6
firm	6
flow	6
flower	6
french	6
frustrating	6
fueled	6
gain	6
gas	6
gray	6
greater	6
guess	6
hamlet	6
hardly	6
haslem	6
heated	6
honest	6
hoped	6
iconic	6
income	6
incredibly	6
interviewed	6
italian	6
jabbar	6
japanese	6
joy	6
judge	6
jump	6
justin	6
kareem	6
karl	6
katie	6
kevon	6
lacrosse	6
largely	6
largest	6
length	6
lens	6
libby	6
locked	6
lone	6
majority	6
marquette	6
matched	6
medical	6
memorial	6
mentioned	6
mid	6
mom	6
morton	6
mullin	6
musician	6
ncis	6
neighborhood	6
nobody	6
non	6
notable	6
nowhere	6
oblique	6
officially	6
ohio	6
oladipo	6
oldest	6
olympic	6
onto	6
outscored	6
pack	6
parted	6
pass	6
passion	6
peer	6
perspective	6
philly	6
physicality	6
physically	6
planet	6
predicted	6
prepare	6
producer	6
prominent	6
proved	6
publicly	6
quiet	6
rank	6
rebounding	6
recorded	6
referring	6
refused	6
related	6
released	6
replaced	6
replacement	6
represents	6
request	6
resignation	6
resigned	6
retired	6
retiring	6
rim	6
rumor	6
runner	6
scene	6
schroder	6
section	6
seemingly	6
seriously	6
serve	6
sexual	6
shake	6
shown	6
sideline	6
size	6
slow	6
snell	6
southern	6
space	6
sprained	6
stanford	6
stayed	6
stepping	6
sterling	6
stint	6
stood	6
stopped	6
stretched	6
study	6
surrounding	6
survived	6
suspended	6
telephone	6
temperature	6
thigh	6
throne	6
timeout	6
topped	6
tore	6
transferring	6
transition	6
trust	6
tying	6
unusual	6
vast	6
viper	6
vols	6
wake	6
war	6
warning	6
welcome	6
wilmington	6
writing	6
abruptly	5
activity	5
affect	5
alongside	5
alvin	5
amir	5
andrei	5
angel	5
announce	5
anywhere	5
apartment	5
apparently	5
approved	5
arrested	5
asking	5
aspect	5
attitude	5
audience	5
avoided	5
badocchi	5
bait	5
baker	5
balance	5
banana	5
bankruptcy	5
barack	5
barton	5
basically	5
beauty	5
bedroom	5
benson	5
bird	5
blocked	5
bojan	5
bounce	5
bower	5
breakfast	5
briefing	5
brogdon	5
bruised	5
budget	5
bukstein	5
caldwell	5
calf	5
cannot	5
capela	5
carroll	5
causing	5
celebrate	5
changing	5
chipped	5
chirkinian	5
classmate	5
classroom	5
clock	5
commissioner	5
commitment	5
constant	5
constantly	5
contention	5
convinced	5
counting	5
cowboy	5
crew	5
critical	5
dan	5
dance	5
dawkins	5
decide	5
dedicated	5
depression	5
deserved	5
determination	5
develop	5
developed	5
device	5
diakite	5
dieng	5
dinner	5
distance	5
documentary	5
dollar	5
downtown	5
drama	5
drawn	5
driven	5
drop	5
dropping	5
drove	5
easily	5
edward	5
effect	5
efficient	5
eisenstein	5
emergency	5
employee	5
estimate	5
eubanks	5
evan	5
exact	5
exceeded	5
excitement	5
expense	5
expletive	5
extend	5
extraordinary	5
extremely	5
factor	5
failure	5
female	5
fined	5
flashed	5
flight	5
flowing	5
fly	5
footer	5
founder	5
fournier	5
friendship	5
frustrated	5
georgia	5
grateful	5
grown	5
gunman	5
gym	5
hamilton	5
haul	5
headquarters	5
hearing	5
highlighting	5
hiring	5
honored	5
hospital	5
husband	5
immigration	5
improve	5
in	5
increase	5
indeed	5
industry	5
institution	5
interested	5
island	5
issued	5
iverson	5
jared	5
jaylen	5
jayson	5
julius	5
justice	5
kemba	5
kiss	5
knowledge	5
landed	5
lawmaker	5
layman	5
leap	5
lee	5
listing	5
literally	5
liu	5
lived	5
loose	5
louisville	5
lowest	5
magazine	5
main	5
maker	5
malcolm	5
manning	5
map	5
marathon	5
marjanovic	5
max	5
mayor	5
mcteague	5
melo	5
memorable	5
mental	5
midseason	5
military	5
minneapolis	5
mix	5
model	5
mostly	5
movement	5
mri	5
mutually	5
naturally	5
nearby	5
neither	5
nerve	5
nextgame	5
nfl	5
none	5
norm	5
noting	5
numerous	5
oakley	5
obama	5
obligation	5
october	5
odds	5
otherwise	5
outlet	5
outrebounded	5
overcome	5
oxford	5
paint	5
parting	5
passer	5
performed	5
performing	5
perimeter	5
personality	5
personally	5
philosophy	5
pocket	5
pomona	5
pool	5
poor	5
posting	5
premier	5
preparation	5
pressminneapolis	5
pressportland	5
pretend	5
previously	5
priority	5
produced	5
product	5
projected	5
promising	5
prompt	5
provided	5
pub	5
published	5
pursue	5
quick	5
raider	5
raptorschampions	5
rarely	5
recalled	5
recognized	5
redshirt	5
reference	5
refinery	5
reggie	5
rehabilitation	5
remain	5
replied	5
represented	5
responded	5
restaurant	5
retaining	5
robinson	5
rotation	5
rough	5
rubio	5
sale	5
save	5
saved	5
scare	5
scoreless	5
scrolling	5
settled	5
settlement	5
shirt	5
shocking	5
shoved	5
sick	5
similar	5
simple	5
singer	5
site	5
snack	5
sold	5
sox	5
spark	5
spirit	5
spoelstra	5
spurt	5
standard	5
steady	5
stent	5
stock	5
storied	5
strain	5
strategy	5
stress	5
strip	5
stripped	5
stronger	5
suddenly	5
supporter	5
supreme	5
surge	5
sustainable	5
szabo	5
taste	5
teach	5
teaching	5
technology	5
tend	5
tenn	5
tension	5
tenure	5
throwing	5
tim	5
tipoff	5
tnt	5
tntneed	5
toe	5
topic	5
touchdown	5
turning	5
unable	5
unbelievable	5
unexpected	5
unfortunately	5
union	5
unique	5
usa	5
valuable	5
viewership	5
warden	5
worry	5
wrong	5
yearlong	5
yolanda	5
aVbyon	4
absent	4
absolutely	4
ace	4
achieve	4
acting	4
activist	4
addiction	4
administration	4
admission	4
afford	4
afraid	4
afternoon	4
agreeing	4
albeit	4
alex	4
alexander	4
alleged	4
amy	4
angle	4
anniversary	4
anterior	4
anunoby	4
apologize	4
apologized	4
appropriate	4
argument	4
arike	4
arrive	4
artery	4
ash	4
assault	4
assignment	4
associate	4
assuming	4
assured	4
asylum	4
athletics	4
attempted	4
auburn	4
aug	4
authorized	4
awful	4
background	4
bang	4
banner	4
barry	4
base	4
basketballby	4
bear	4
behalf	4
bell	4
belongs	4
benjamin	4
bid	4
billy	4
blockbuster	4
blowing	4
blowout	4
boban	4
bone	4
boot	4
bosh	4
botham	4
bottom	4
box	4
brandon	4
breakthrough	4
brian	4
broadcast	4
broadcaster	4
broke	4
brotherhood	4
bruise	4
bunch	4
busy	4
butter	4
buying	4
buyout	4
cable	4
caesar	4
calendar	4
calling	4
cameron	4
campbell	4
capital	4
captain	4
card	4
cardinal	4
cariker	4
caris	4
carried	4
carrying	4
category	4
caused	4
celebrity	4
cellphone	4
century	4
challenged	4
chasing	4
checking	4
cheered	4
childhood	4
chip	4
choosing	4
christmas	4
cincinnati	4
civil	4
classic	4
clint	4
clip	4
cold	4
committing	4
comparison	4
competing	4
complaint	4
complex	4
concerned	4
conclusion	4
connecting	4
consideration	4
continues	4
contusion	4
cory	4
coverage	4
covered	4
cricket	4
criminal	4
criticized	4
cronin	4
cross	4
dark	4
december	4
delaware	4
delivered	4
democrat	4
democratic	4
demps	4
dennis	4
dependent	4
diagnosed	4
diet	4
digital	4
diminished	4
disease	4
document	4
dodger	4
dolan	4
dominance	4
dominant	4
dominated	4
donald	4
dribble	4
driver	4
driving	4
dudley	4
duncan	4
ear	4
earth	4
effectively	4
ejection	4
elder	4
emotionally	4
empire	4
empty	4
endorsement	4
environment	4
erik	4
essential	4
essentially	4
estate	4
estimated	4
ethic	4
evaluation	4
eventual	4
evidence	4
exciting	4
execution	4
exhausting	4
existence	4
expecting	4
experienced	4
expert	4
explain	4
explained	4
express	4
extending	4
famous	4
faster	4
fate	4
favor	4
fbi	4
ferry	4
filing	4
finalist	4
fizdale	4
fla	4
flip	4
focusing	4
format	4
fought	4
founded	4
frazier	4
fund	4
gallinari	4
gang	4
garnett	4
gene	4
georgetown	4
ghosn	4
giant	4
glass	4
gonzaga	4
gorgui	4
gotten	4
graduated	4
grind	4
grit	4
guerrero	4
guest	4
guilty	4
handled	4
handling	4
harder	4
hardest	4
harrison	4
harvey	4
hassan	4
hide	4
highlighted	4
hitting	4
hobbled	4
hollinger	4
homecourt	4
honestly	4
hop	4
horse	4
huddle	4
hudson	4
hug	4
hunt	4
ibaka	4
identified	4
ignored	4
importance	4
impressive	4
improbable	4
inch	4
informed	4
initially	4
intensity	4
intent	4
internet	4
intrigue	4
introducing	4
introduction	4
involving	4
ionescu	4
iowa	4
irish	4
item	4
jalen	4
jaren	4
jay	4
jayhawks	4
jennifer	4
jill	4
jonathan	4
kennedy	4
kimel	4
kyler	4
la	4
laker	4
landry	4
language	4
larger	4
legalized	4
lesser	4
library	4
lie	4
ligament	4
likewise	4
lining	4
location	4
loser	4
louis	4
madness	4
martin	4
mate	4
maximum	4
mcgruder	4
mcmillan	4
meaning	4
meaningful	4
measure	4
medal	4
misstated	4
monty	4
mood	4
moreno	4
mormon	4
mount	4
mountain	4
murofushi	4
naismith	4
narrative	4
nate	4
nationally	4
necessarily	4
neck	4
negotiation	4
nelson	4
newly	4
nissan	4
nominated	4
northern	4
northwest	4
offensively	4
opposed	4
opposite	4
optimism	4
oregon	4
outcome	4
outplay	4
oversees	4
overwhelming	4
owed	4
page	4
panic	4
pant	4
participate	4
particular	4
peat	4
pennsylvania	4
percentage	4
perry	4
peter	4
phil	4
pitched	4
plane	4
planned	4
planning	4
plaza	4
pleasant	4
pleased	4
pointed	4
policy	4
pop	4
porzingis	4
powerful	4
pre	4
pressdenver	4
pressthe	4
prevent	4
primary	4
prince	4
pritha	4
private	4
proclaimed	4
production	4
professor	4
proposed	4
protection	4
psychological	4
pulling	4
punishment	4
qpr	4
queen	4
quest	4
questionable	4
raced	4
rallying	4
randle	4
rape	4
receiving	4
recover	4
recovery	4
recruited	4
regarded	4
regret	4
regularly	4
reinstatement	4
religious	4
remained	4
represent	4
resort	4
response	4
resume	4
retail	4
ricky	4
riding	4
roar	4
robust	4
rolling	4
rose	4
rouge	4
roughly	4
routinely	4
rozier	4
ruined	4
ruled	4
rush	4
sad	4
safe	4
safety	4
sarkar	4
scandal	4
sea	4
sealed	4
searching	4
secure	4
seek	4
segura	4
separate	4
sept	4
serge	4
setting	4
sexton	4
shed	4
shifting	4
shine	4
ship	4
shop	4
shopping	4
shut	4
signal	4
skid	4
speaks	4
specifically	4
speculation	4
squad	4
standpoint	4
staple	4
station	4
statistic	4
staying	4
stereotypical	4
steven	4
stick	4
stole	4
stone	4
stunning	4
suggested	4
sullivan	4
sumner	4
sunny	4
supported	4
sweep	4
swimming	4
target	4
teague	4
teenager	4
tendinitis	4
terrence	4
terrific	4
testing	4
theme	4
theory	4
thon	4
thousand	4
tired	4
tone	4
tossed	4
touched	4
tradition	4
traditional	4
treated	4
trend	4
trial	4
typically	4
udonis	4
ugly	4
underwent	4
uniform	4
unless	4
unlike	4
upheaval	4
various	4
vega	4
venue	4
violent	4
vital	4
walt	4
warmer	4
waugh	4
whenever	4
wiggins	4
wildcat	4
willing	4
wilson	4
window	4
wiretap	4
wnba	4
workout	4
worn	4
worried	4
wright	4
writes	4
wrongdoing	4
wyatt	4
youngest	4
youtube	4
zubac	4
absolute	3
acc	3
acceptance	3
accepted	3
accomplishment	3
actual	3
administrator	3
admitted	3
adversity	3
advice	3
advisory	3
affiliate	3
african	3
aggression	3
agree	3
airport	3
alcohol	3
alford	3
ambassador	3
amendment	3
aminu	3
ancient	3
anfernee	3
anticipated	3
antoni	3
apology	3
appearing	3
appears	3
appendectomy	3
application	3
appreciated	3
appreciation	3
arguing	3
arkansas	3
arriving	3
asia	3
aside	3
assessment	3
assumption	3
athena	3
athenian	3
athleticism	3
atop	3
attacking	3
attica	3
attract	3
august	3
austin	3
awaiting	3
awarded	3
azalea	3
backed	3
baltimore	3
band	3
banned	3
barn	3
baseline	3
basic	3
baton	3
battled	3
beaten	3
becomes	3
bee	3
beer	3
begun	3
beneficial	3
besides	3
blast	3
blend	3
blown	3
bogdan	3
bonus	3
boogie	3
boucher	3
boulevard	3
boyhood	3
breath	3
brief	3
britain	3
broadway	3
bruno	3
brutal	3
buckschampions	3
bureau	3
buried	3
burn	3
burrow	3
burst	3
bush	3
button	3
campana	3
candace	3
canyon	3
capable	3
capitalized	3
capped	3
caring	3
cast	3
castro	3
cauley	3
ceremonial	3
chairman	3
chamberlain	3
channel	3
chanted	3
chaos	3
checked	3
chemistry	3
chinese	3
chirinos	3
chop	3
chuck	3
circulated	3
citing	3
clean	3
cleared	3
closest	3
coaster	3
collaboration	3
collection	3
collective	3
collin	3
colored	3
colossal	3
commission	3
commit	3
commits	3
committee	3
commonplace	3
competitiveness	3
competitor	3
complement	3
complicated	3
composure	3
computer	3
concert	3
concluded	3
conduct	3
connelly	3
consistently	3
content	3
contest	3
continuing	3
contribution	3
convened	3
core	3
correct	3
corrected	3
correspondent	3
cousy	3
crazy	3
creating	3
creator	3
crime	3
critchley	3
critic	3
crown	3
cruciate	3
crush	3
danced	3
danilo	3
danvers	3
data	3
dated	3
dating	3
debate	3
declared	3
deeper	3
defined	3
delon	3
demarre	3
demoted	3
departed	3
desert	3
designated	3
desperate	3
destination	3
developing	3
die	3
digest	3
dipped	3
disclosure	3
discouraging	3
discussing	3
disney	3
distinguished	3
documented	3
dolly	3
doug	3
drained	3
dressed	3
dribbling	3
duck	3
dude	3
duty	3
dwight	3
dynasty	3
eagerly	3
eagle	3
earliest	3
eat	3
edited	3
efficiency	3
elementary	3
elimination	3
elsewhere	3
encourage	3
endless	3
engage	3
enters	3
entry	3
erin	3
escorted	3
europe	3
except	3
excluded	3
excuse	3
explore	3
exposed	3
exposing	3
expressed	3
faith	3
fastball	3
fieldhouse	3
filling	3
finest	3
fish	3
fishing	3
flag	3
flared	3
flop	3
follower	3
foreign	3
formal	3
formidable	3
forth	3
fortune	3
forum	3
frame	3
france	3
fraser	3
freedom	3
frequently	3
frye	3
fsu	3
fuel	3
fulfill	3
fullest	3
fulmer	3
gambler	3
gather	3
gathered	3
genuine	3
gibson	3
gift	3
gilbert	3
glad	3
grabbing	3
grayson	3
greeted	3
greg	3
groin	3
guide	3
gun	3
hachimura	3
hair	3
halfway	3
hallway	3
handle	3
hang	3
hanging	3
hanna	3
happier	3
hardship	3
harkless	3
harm	3
harrah	3
hat	3
hawaii	3
headline	3
heel	3
height	3
helm	3
hero	3
hesitant	3
historical	3
historically	3
hockey	3
hoffman	3
hogan	3
holiday	3
hollins	3
hollywood	3
homeland	3
horford	3
hornacek	3
hosted	3
http	3
hugged	3
hung	3
hype	3
ice	3
ideal	3
idol	3
iguodala	3
ill	3
illegal	3
immediate	3
incident	3
inclined	3
increasingly	3
ind	3
independent	3
influenced	3
ingram	3
inherited	3
initial	3
innocence	3
insclippers	3
insjazz	3
integrity	3
intended	3
intention	3
interacting	3
interaction	3
intriguing	3
investigate	3
investment	3
invited	3
ion	3
isaac	3
isaiah	3
isolation	3
israel	3
italy	3
ivica	3
jake	3
jamie	3
jerry	3
jet	3
jim	3
jon	3
kacey	3
kellie	3
killing	3
kleiman	3
knocking	3
kraft	3
kucherov	3
kuzma	3
labissiere	3
lansing	3
laughing	3
lawsuit	3
lean	3
lentz	3
letting	3
lied	3
like	3
limped	3
lin	3
linked	3
livingston	3
loaf	3
lockdown	3
locking	3
london	3
longed	3
lopsided	3
lynx	3
malibu	3
mallory	3
manage	3
managing	3
manhattan	3
margin	3
markkanen	3
marquee	3
masculinity	3
mason	3
mass	3
massive	3
materialism	3
math	3
maurice	3
mayfield	3
mccaw	3
mcgee	3
mich	3
midday	3
middleman	3
migration	3
milan	3
minded	3
minister	3
misconduct	3
missouri	3
mixed	3
moda	3
monthly	3
moral	3
motivated	3
mound	3
mouth	3
mulkey	3
multi	3
murphy	3
musical	3
mutation	3
mutombo	3
nadal	3
neal	3
newspaper	3
nod	3
nonetheless	3
nonprofit	3
normally	3
nostalgic	3
note	3
noticed	3
notion	3
notorious	3
november	3
nucleus	3
nytimes	3
obstacle	3
officer	3
oil	3
operating	3
optimistic	3
orange	3
ordinary	3
organically	3
organizational	3
original	3
oscar	3
ousted	3
outdoor	3
outfit	3
outsider	3
overtake	3
pace	3
paced	3
packed	3
parkland	3
participated	3
patient	3
payroll	3
peak	3
peanut	3
penalty	3
perform	3
persuade	3
phillip	3
pie	3
ping	3
placed	3
plain	3
plant	3
pleaded	3
please	3
plummeted	3
political	3
pollen	3
portion	3
posed	3
positioned	3
postgame	3
potentially	3
powerhouse	3
prayer	3
prefer	3
premiere	3
preparing	3
preseason	3
presentation	3
presented	3
pressboston	3
presscharlottesville	3
pressed	3
pressknoxville	3
pressmiami	3
pressphiladelphia	3
presssacramento	3
pride	3
principal	3
privilege	3
procedure	3
productive	3
professionalism	3
promoted	3
prospective	3
protecting	3
publication	3
punch	3
purdue	3
quit	3
quiz	3
racetrack	3
radar	3
radnedge	3
rafael	3
raising	3
rang	3
ranging	3
rapper	3
raymond	3
reaction	3
rebounded	3
recognition	3
recovered	3
recruiter	3
redemption	3
reduce	3
reel	3
reflect	3
regarding	3
regardless	3
region	3
rehab	3
reigning	3
relative	3
reliever	3
reluctance	3
remembered	3
remembers	3
removed	3
renewed	3
renovation	3
repeat	3
repeated	3
repeatedly	3
replaces	3
replay	3
requested	3
research	3
reservation	3
resolved	3
respectfully	3
respective	3
restrict	3
retire	3
retreat	3
reutersluke	3
reutersthe	3
reviewed	3
rez	3
rising	3
roadrunner	3
robin	3
roger	3
roller	3
roman	3
routed	3
rui	3
russia	3
ruth	3
sabrina	3
sailing	3
sam	3
santo	3
saving	3
scared	3
scary	3
scheme	3
science	3
scoreboard	3
scouting	3
secret	3
sector	3
securing	3
seized	3
semi	3
sends	3
serena	3
serving	3
session	3
seth	3
shaquille	3
sharing	3
shaun	3
shelf	3
shining	3
shock	3
shorter	3
shortly	3
shower	3
shrunk	3
shy	3
sight	3
silence	3
silent	3
singing	3
skeptical	3
skin	3
slice	3
slid	3
smaller	3
smile	3
smoking	3
smoothie	3
somehow	3
southeastern	3
span	3
spasm	3
specialist	3
specific	3
sportsbook	3
spotlight	3
stamkos	3
stared	3
steinbrecher	3
stellar	3
stopping	3
strained	3
strange	3
strikeout	3
struck	3
stuck	3
studying	3
stunned	3
subject	3
subjected	3
suburban	3
subway	3
succeed	3
sudden	3
suffering	3
superstition	3
supply	3
supportive	3
surprised	3
surveillance	3
swing	3
tackle	3
tape	3
teenage	3
temper	3
tendency	3
tends	3
tense	3
terror	3
thaddeus	3
therapy	3
therefore	3
threatening	3
threw	3
tiebreaking	3
timetable	3
timing	3
tiny	3
toll	3
tommy	3
tourism	3
tourist	3
train	3
transform	3
translated	3
trash	3
tre	3
treat	3
trent	3
trevor	3
trister	3
troubled	3
trout	3
tucker	3
turkey	3
turner	3
unaffected	3
undergraduate	3
understands	3
understood	3
undoubtedly	3
unemployment	3
unfazed	3
universal	3
unwavering	3
unwilling	3
upcoming	3
ups	3
urban	3
vacation	3
valanciunas	3
valued	3
vanvleet	3
venture	3
versus	3
void	3
waived	3
waiver	3
warmup	3
wash	3
waving	3
weakness	3
wear	3
website	3
weekly	3
weighed	3
welcomed	3
wesley	3
wexler	3
wheel	3
wherever	3
whistle	3
whiteside	3
whoever	3
widespread	3
willie	3
wilt	3
wine	3
winslow	3
wire	3
witness	3
wore	3
worship	3
wow	3
wrapped	3
written	3
www	3
yahoo	3
yeah	3
yellow	3
youngster	3
youth	3
zach	3
zealand	3
zone	3
aVbyn	2
abdominal	2
abrupt	2
academy	2
accepting	2
accessible	2
acclaim	2
accurate	2
achieving	2
acquire	2
acquisition	2
acrobatic	2
acumen	2
adapt	2
address	2
ado	2
adult	2
advancing	2
afar	2
affair	2
affected	2
affecting	2
agassi	2
aggressively	2
aging	2
agony	2
aided	2
aimed	2
aircraft	2
airline	2
album	2
alexis	2
ali	2
alike	2
alive	2
alleges	2
alley	2
alter	2
altercation	2
altogether	2
alzheimer	2
amen	2
amended	2
americanairlines	2
amick	2
ammonium	2
amplified	2
ana	2
anatomy	2
anderson	2
ann	2
annie	2
announcer	2
annually	2
anonymity	2
anthem	2
antic	2
anxious	2
anytime	2
apache	2
apart	2
applicant	2
applied	2
appropriately	2
araton	2
argue	2
armed	2
armoni	2
array	2
as	2
ascent	2
ask	2
aspiration	2
assume	2
assumed	2
astros	2
attached	2
attachment	2
attles	2
attracting	2
attributed	2
atypical	2
author	2
authority	2
automatic	2
avoiding	2
awesome	2
babe	2
backcourt	2
badly	2
bakery	2
ballet	2
bambino	2
bandit	2
barackobama	2
barber	2
barkley	2
barr	2
barrage	2
barren	2
bathroom	2
battery	2
batting	2
baxter	2
beal	2
beard	2
bearing	2
beater	2
beaty	2
becker	2
belgrade	2
believing	2
bellarmine	2
belonged	2
beloved	2
belt	2
benedict	2
benfica	2
berinstein	2
berkeley	2
bernhardt	2
betrayed	2
betty	2
beverly	2
bible	2
bike	2
billed	2
bin	2
birley	2
birthday	2
biter	2
blasted	2
blaze	2
blocking	2
blueprint	2
bogues	2
bol	2
bonzie	2
boomed	2
boone	2
boost	2
bos	2
bother	2
bothered	2
bounced	2
boundary	2
bout	2
bowlsby	2
boxing	2
boyfriend	2
brace	2
bracing	2
bracket	2
brady	2
brca	2
breakout	2
bridge	2
brighter	2
broad	2
bronco	2
browse	2
bruce	2
bruin	2
brunson	2
bryn	2
bucket	2
bucksmilwaukee	2
budding	2
buffalo	2
bulk	2
bullying	2
bump	2
burden	2
bust	2
busted	2
butt	2
butterfly	2
buzz	2
byron	2
cabinet	2
caboclo	2
cafeteria	2
cake	2
cal	2
caliber	2
calm	2
canada	2
canadian	2
cancer	2
captured	2
capturing	2
cardiologist	2
cargo	2
carol	2
cash	2
catholic	2
cattle	2
cautioned	2
celebrating	2
cell	2
chain	2
champ	2
chandler	2
chanting	2
charlie	2
charming	2
chart	2
charter	2
chatter	2
cheap	2
cherish	2
cherry	2
chest	2
chicken	2
chippy	2
chirping	2
chooses	2
chorus	2
chosen	2
chronicle	2
cited	2
claimed	2
clap	2
clarification	2
clarksville	2
click	2
cliff	2
climb	2
clutch	2
code	2
collecting	2
collier	2
collins	2
colson	2
columnist	2
comedian	2
commend	2
commercial	2
communicate	2
compelling	2
complaining	2
complication	2
compton	2
concussion	2
conditioning	2
conferencegame	2
confess	2
confetti	2
congratulate	2
connotation	2
conscious	2
conscripted	2
consequence	2
considers	2
consistent	2
consolation	2
constitution	2
construction	2
consult	2
contacted	2
contractual	2
contrast	2
contributor	2
controlling	2
controversy	2
conveyed	2
coolest	2
coordinator	2
corralled	2
corrects	2
costly	2
cottage	2
counseling	2
counselor	2
counter	2
covington	2
cragg	2
creative	2
credential	2
credited	2
creditor	2
crisis	2
crossing	2
crouched	2
crowder	2
crunchiness	2
cub	2
cupped	2
currently	2
curse	2
daly	2
dancer	2
darkness	2
dayin	2
daythe	2
dazzling	2
deadliest	2
decent	2
declaration	2
declaring	2
decorated	2
decreased	2
dedication	2
defended	2
defining	2
dejounte	2
demonstrated	2
dent	2
denying	2
depend	2
depends	2
describe	2
describing	2
desk	2
destiny	2
determine	2
detour	2
detrimental	2
developmental	2
devin	2
devotion	2
differently	2
dilemma	2
directly	2
disagreement	2
disappoint	2
disastrous	2
discipline	2
disciplined	2
discouraged	2
discover	2
discovered	2
discussed	2
dishing	2
dismal	2
disorder	2
display	2
displayed	2
dispute	2
disruption	2
distanced	2
distant	2
ditch	2
diverse	2
divine	2
divorce	2
dolores	2
dominate	2
dominating	2
doncic	2
donor	2
dotson	2
douglas	2
downhill	2
downside	2
dravid	2
dress	2
dribbled	2
drug	2
drunk	2
dual	2
dubbed	2
dunked	2
durr	2
dweller	2
dynamic	2
dysfunction	2
earning	2
ease	2
eclipsed	2
economic	2
edged	2
edinburg	2
editorial	2
educational	2
effective	2
ego	2
egregious	2
ekstrand	2
elected	2
elfrid	2
elgin	2
eligible	2
ellen	2
ellington	2
embarrassing	2
embracing	2
emerge	2
emmy	2
endorser	2
endure	2
endured	2
enhance	2
enjoying	2
enjoys	2
enormous	2
enraged	2
enshrined	2
ensure	2
enterprise	2
enthusiasm	2
entitled	2
epic	2
equipped	2
erase	2
erica	2
erupted	2
erving	2
espnthe	2
ethan	2
euroleague	2
evacuation	2
evaluate	2
evaluating	2
eve	2
everywhere	2
evina	2
evolved	2
examination	2
excel	2
excellence	2
excellent	2
exception	2
execute	2
executing	2
exhilarating	2
exhilerating	2
exist	2
exited	2
expanded	2
expects	2
explaining	2
explanation	2
expression	2
extent	2
extreme	2
eyed	2
facial	2
fallen	2
fargo	2
farm	2
farouq	2
fault	2
favored	2
favourite	2
feat	2
feedback	2
felony	2
feminine	2
ferguson	2
fernandez	2
festival	2
festivity	2
fetch	2
feuded	2
fever	2
fewest	2
fighter	2
file	2
finance	2
finau	2
fiserv	2
fisher	2
fist	2
fitting	2
fittingly	2
fived	2
fixer	2
flaw	2
flexibility	2
flooded	2
flourished	2
flying	2
follows	2
fond	2
fool	2
footage	2
footwear	2
foray	2
forbes	2
forcing	2
forever	2
forged	2
forgettable	2
formality	2
formally	2
formula	2
fort	2
fortunately	2
forwarded	2
fostering	2
fouling	2
founding	2
fraction	2
fractured	2
fracturing	2
fran	2
francesco	2
frankly	2
fraschilla	2
fraught	2
fred	2
freed	2
frenzy	2
frequency	2
freshness	2
fuller	2
funded	2
gallery	2
gallon	2
garza	2
generate	2
generated	2
genetic	2
georgette	2
german	2
germany	2
gill	2
ginobili	2
girlfriend	2
glasnow	2
glimpse	2
goat	2
godfrey	2
goodie	2
gore	2
gotta	2
governor	2
grab	2
graceful	2
gradually	2
graduating	2
graduation	2
grandparent	2
greatness	2
greece	2
greedy	2
greeting	2
grey	2
grimaced	2
grin	2
grinding	2
grocery	2
gruesome	2
guarantee	2
guarded	2
gucci	2
guided	2
guideline	2
guitar	2
gustafson	2
habitat	2
hakeem	2
hamstring	2
han	2
handily	2
hansberry	2
happ	2
happily	2
happiness	2
harry	2
harsh	2
hartenstein	2
hate	2
haunted	2
hayes	2
haymaker	2
headingley	2
heartbreak	2
heavyweight	2
heightened	2
helpless	2
henry	2
herbert	2
herd	2
hey	2
hid	2
hidden	2
highly	2
hinge	2
hint	2
hispanic	2
historic	2
hitter	2
hokies	2
honey	2
hood	2
hook	2
hostile	2
hosting	2
hottest	2
household	2
hugging	2
humble	2
humility	2
hunter	2
hurdle	2
hurting	2
hussle	2
iaaf	2
ideally	2
ignominious	2
ignore	2
illustrated	2
imagine	2
imagined	2
imbued	2
impossible	2
impressed	2
impression	2
inactive	2
inbox	2
inc	2
incessantly	2
inconsistency	2
incorrectly	2
indefinitely	2
indian	2
indianapolis	2
indicated	2
indicted	2
indictment	2
individualsgolf	2
infection	2
influence	2
informal	2
information	2
inherits	2
injuring	2
insecurity	2
inserting	2
insight	2
insmagic	2
insnets	2
inspiration	2
inspiring	2
installed	2
instance	2
instant	2
insthunder	2
insurance	2
interact	2
interesting	2
interior	2
internal	2
interpreter	2
interviewing	2
intrigued	2
introspection	2
invested	2
investigative	2
investing	2
invincible	2
involvement	2
ioc	2
irregularity	2
ish	2
jackie	2
jacknicklaus	2
jae	2
jail	2
jamill	2
jane	2
janie	2
japan	2
javonte	2
jelly	2
jeopardy	2
jerami	2
jeremy	2
jevon	2
jewel	2
joakim	2
joint	2
joke	2
joked	2
jonas	2
jonathon	2
journal	2
journalism	2
judging	2
julie	2
julien	2
jury	2
karen	2
kathleen	2
kelly	2
ken	2
kentavious	2
kershaw	2
kick	2
kicking	2
kickoff	2
kilometer	2
kim	2
kit	2
knight	2
koehn	2
koji	2
kolkata	2
korver	2
kris	2
kroenke	2
kruger	2
lamb	2
lance	2
lane	2
lately	2
launch	2
lauri	2
laxman	2
layden	2
leaning	2
leather	2
legislative	2
legislature	2
lemond	2
lengthy	2
liberty	2
libyan	2
liechty	2
lifelong	2
lifted	2
lighter	2
liked	2
likelihood	2
lily	2
limiting	2
lincoln	2
lined	2
linsanity	2
lionel	2
lip	2
listened	2
listening	2
livelihood	2
lobbying	2
longhorn	2
lonzo	2
lorraine	2
loud	2
louder	2
loudly	2
lower	2
lyric	2
madison	2
magical	2
magicjohnson	2
maintained	2
malakas	2
mall	2
malloy	2
mamadi	2
mandatory	2
manhood	2
manly	2
manu	2
maple	2
mariner	2
marion	2
marjory	2
marketing	2
markus	2
maryland	2
masked	2
massacre	2
matching	2
materialized	2
mature	2
maya	2
mccauley	2
mccowan	2
mcdonough	2
mcgraw	2
mcrae	2
meal	2
meaningless	2
medalist	2
medicine	2
medvedev	2
melbourne	2
mention	2
mentor	2
mercury	2
meter	2
metric	2
meyers	2
mick	2
microscope	2
midcourt	2
midst	2
migrant	2
mikey	2
mild	2
milestone	2
millennials	2
miller	2
minimal	2
miracle	2
modest	2
moniker	2
monroe	2
monster	2
mooney	2
morant	2
motel	2
motivation	2
mucking	2
muffet	2
munich	2
muscala	2
mutual	2
myers	2
mystery	2
nagging	2
nah	2
nail	2
napheesa	2
nascar	2
nashville	2
natural	2
necessity	2
negative	2
negotiated	2
neil	2
nextjazz	2
nextthe	2
niang	2
niese	2
nikita	2
nitrate	2
nodded	2
noise	2
nose	2
notably	2
notch	2
notebook	2
notify	2
notifying	2
nov	2
nudged	2
nunsense	2
nursing	2
objective	2
observation	2
observe	2
observed	2
observer	2
obsessed	2
occasional	2
occasionally	2
occur	2
occurred	2
occurrence	2
oddly	2
offline	2
offset	2
okla	2
okpala	2
olajuwon	2
olshey	2
omar	2
ongoing	2
onslaught	2
oop	2
opera	2
operate	2
operates	2
operator	2
opposing	2
opposition	2
opted	2
organizing	2
osmond	2
outfielder	2
outing	2
outlaw	2
outlook	2
outrun	2
outscoring	2
outsize	2
overnight	2
overseas	2
oversight	2
overthink	2
overwhelmed	2
overwhelmingly	2
owen	2
ownership	2
pac	2
pachulia	2
pacific	2
package	2
painful	2
paired	2
panther	2
paper	2
par	2
parking	2
partial	2
passage	2
passionate	2
patriot	2
pattern	2
paycheck	2
payout	2
pencil	2
pending	2
pepsi	2
performer	2
permanent	2
permission	2
permitted	2
personnel	2
pesky	2
pete	2
peyton	2
phenomenal	2
phillips	2
philosophical	2
phoned	2
pierce	2
pig	2
pinpoint	2
pirate	2
pitch	2
pittsburgh	2
pivotal	2
pizza	2
placing	2
planted	2
plate	2
playful	2
playground	2
pledged	2
plumlee	2
podcast	2
podcastone	2
podcasts	2
podium	2
polarizing	2
pole	2
politics	2
poll	2
pong	2
pooled	2
popped	2
popularity	2
population	2
portal	2
possibly	2
poured	2
poverty	2
practically	2
practiced	2
practicing	2
praised	2
pray	2
prayed	2
praying	2
preachersnsneakers	2
premature	2
prescription	2
preserve	2
preserving	2
presidential	2
pressaugusta	2
presscleveland	2
pressdurham	2
pressmilwaukee	2
pressprime	2
presssan	2
pressthere	2
presstoronto	2
prevented	2
priced	2
priceless	2
probable	2
probe	2
proclaims	2
produce	2
programming	2
progression	2
prohibit	2
prokhorov	2
proper	2
properly	2
prosecuted	2
protected	2
protector	2
protest	2
protesting	2
providence	2
providing	2
proving	2
punched	2
pundit	2
punished	2
pure	2
purple	2
pushing	2
qualifying	2
quantity	2
questioned	2
quin	2
quinn	2
quipped	2
quirk	2
racing	2
racked	2
rahul	2
rain	2
ranadiv	2
randy	2
ranger	2
rapped	2
rare	2
rarity	2
rating	2
rattled	2
react	2
realdonaldtrump	2
reality	2
realization	2
realized	2
reassigned	2
rebounder	2
rebuilding	2
recipient	2
recommended	2
recording	2
recounting	2
recovers	2
recreation	2
recurring	2
reenergized	2
referred	2
refiled	2
reflection	2
reform	2
refusal	2
refuse	2
refute	2
regain	2
regained	2
regard	2
regulation	2
reid	2
reign	2
reinstated	2
rejoin	2
rejoined	2
relatively	2
relentless	2
relied	2
relief	2
religion	2
reluctantly	2
remainder	2
remark	2
rematch	2
remind	2
reminded	2
reminder	2
remote	2
renault	2
renovating	2
rent	2
repair	2
representation	2
representing	2
republic	2
requirement	2
requires	2
rerun	2
reserved	2
residential	2
resilient	2
respiratory	2
respond	2
responding	2
resting	2
restriction	2
resulting	2
resumed	2
resurgence	2
retain	2
retained	2
retrieve	2
reutersaugusta	2
reutersfor	2
reutersgiannis	2
reutersjamal	2
reuterslos	2
reutersspeaking	2
reveal	2
review	2
reward	2
rewarding	2
rifle	2
rightfully	2
roaring	2
roast	2
rocky	2
rode	2
rodney	2
rojas	2
roll	2
rolled	2
rondo	2
rory	2
rosenthal	2
rout	2
royal	2
rubber	2
ruffalo	2
rugged	2
ruining	2
ruling	2
rural	2
safely	2
salah	2
salem	2
saloon	2
salt	2
saltiness	2
salvage	2
salvaged	2
samuel	2
sand	2
sander	2
sandy	2
sang	2
santa	2
satisfy	2
savvy	2
scheduleall	2
scientist	2
scottish	2
scout	2
screaming	2
screw	2
scrutiny	2
scuffled	2
secretary	2
seeking	2
sefolosha	2
select	2
seles	2
selling	2
sending	2
sens	2
sensation	2
sensational	2
sensitive	2
sentenced	2
sentimental	2
serenawilliams	2
seriousness	2
setback	2
seton	2
settle	2
severe	2
sex	2
shakur	2
shaped	2
sharp	2
sharpshooter	2
sharpshooting	2
shaw	2
sheldon	2
shepard	2
shin	2
shook	2
shootaround	2
shore	2
shortstop	2
shotgun	2
shouting	2
shoving	2
showtime	2
shrugged	2
sidekick	2
sideshow	2
signaling	2
sin	2
sincere	2
sits	2
skal	2
skepticism	2
skilled	2
sky	2
slauson	2
slavery	2
sleep	2
slept	2
slide	2
slight	2
slip	2
slippery	2
slogged	2
slope	2
slot	2
slowed	2
slower	2
slowly	2
slumped	2
smell	2
smiled	2
smiling	2
smoker	2
smooth	2
snake	2
snapping	2
snyder	2
soak	2
solidified	2
somber	2
somewhere	2
songwriting	2
sopan	2
sorry	2
sought	2
soundly	2
southeast	2
spacing	2
spared	2
sparkling	2
spartan	2
speaker	2
spectacular	2
speech	2
spell	2
spike	2
spit	2
splash	2
spoken	2
spokesman	2
spokeswoman	2
sporting	2
sprain	2
springtime	2
sprint	2
stan	2
starred	2
stat	2
stats	2
steadying	2
steered	2
stem	2
stemming	2
stirred	2
stirring	2
stocked	2
stockton	2
stoneman	2
stoppage	2
stream	2
streamed	2
stride	2
stringent	2
stroke	2
strongest	2
structure	2
stumbled	2
stupid	2
stylist	2
submitted	2
subsequent	2
subsequently	2
subsidy	2
substantial	2
suburb	2
successor	2
suck	2
sue	2
sugar	2
suggest	2
suggests	2
suicide	2
suite	2
sunderland	2
sunk	2
surfaced	2
surprising	2
surrendered	2
swallow	2
sweeping	2
swingman	2
swiping	2
swish	2
swiss	2
switch	2
sydney	2
sympathy	2
taiwan	2
taj	2
tallied	2
tampering	2
tangible	2
taped	2
tariq	2
tasked	2
taught	2
taunting	2
teaira	2
teamsbaseball	2
tearing	2
technically	2
ted	2
telemundo	2
temporary	2
ten	2
tennery	2
tenuous	2
tenured	2
terrible	2
terrier	2
terrified	2
testament	2
tested	2
testy	2
tex	2
texted	2
thabo	2
thankful	2
thankfully	2
thibodeau	2
thin	2
thrive	2
thrived	2
throwback	2
thunderous	2
thus	2
thwarted	2
tightness	2
timer	2
tino	2
titled	2
toast	2
toby	2
tombrady	2
topping	2
torch	2
torpedoed	2
totally	2
toughness	2
traditionally	2
trainer	2
transformation	2
trauma	2
traveled	2
tree	2
tremendous	2
tremont	2
trey	2
triangle	2
tribe	2
triggered	2
truszkowski	2
tucked	2
tulsa	2
tumble	2
tumultuous	2
tupac	2
turnaround	2
tussle	2
tutor	2
twenty	2
tworkowski	2
uconn	2
unacceptable	2
unbeaten	2
uncertain	2
uncomfortable	2
underdog	2
unemployed	2
unexpectedly	2
unknown	2
unlikeliest	2
unofficial	2
unspecified	2
unstoppable	2
uphold	2
uplifting	2
upside	2
upstaged	2
upstart	2
urged	2
us	2
vacant	2
valentino	2
validation	2
van	2
vanderbilt	2
vanity	2
veach	2
velocity	2
versatile	2
verse	2
vessel	2
vindicated	2
violated	2
viral	2
virtual	2
vitiello	2
vivid	2
volatile	2
volleyball	2
volume	2
vulnerable	2
vvs	2
waited	2
wanting	2
warlick	2
warriorsbenjamin	2
wary	2
waste	2
watchdog	2
wave	2
wayne	2
weekday	2
weigh	2
welt	2
westphal	2
whataburger	2
whistled	2
whorton	2
willingness	2
willis	2
wing	2
witnessed	2
wondering	2
workload	2
worthy	2
wounded	2
wrap	2
wrestle	2
xvi	2
yabusele	2
yarbrough	2
yeezy	2
yesterday	2
zero	2
(lp0	1
Vbyby	1
a.	1
aVbya	1
aVbycalifornia	1
aVbycurrent	1
aVbyextra	1
aVbykeeping	1
aVbyone	1
aVbyreporter	1
aVbyshould	1
aVbysports	1
aVbythe	1
aVbytimes	1
aVchris	1
aVinaugural	1
aVmarc	1
aVnet	1
aVplayoff	1
abandoned	1
abcthe	1
abcwatching	1
abdicated	1
abnormal	1
aboard	1
abraham	1
absentee	1
abstinence	1
abuse	1
abusive	1
abusively	1
academically	1
accelerated	1
acceptable	1
access	1
accidentally	1
accolade	1
accompany	1
accomplish	1
accounting	1
accumulated	1
accumulating	1
accuracy	1
accusation	1
accusing	1
achieved	1
achy	1
acknowledge	1
acknowledging	1
acknowledgment	1
acm	1
acquiring	1
acted	1
activated	1
actively	1
acute	1
adamson	1
adapted	1
addict	1
addicted	1
addressed	1
adebayo	1
adept	1
adidas	1
adjusted	1
adjusting	1
administered	1
administrative	1
admiration	1
admirer	1
admits	1
admonished	1
adonal	1
adopted	1
adore	1
adrenaline	1
adrienne	1
adulthood	1
advertisement	1
advise	1
advised	1
adviser	1
aesthetically	1
affection	1
affiliated	1
affinity	1
affirmation	1
affords	1
africa	1
aftermath	1
aggies	1
aggravating	1
aggressor	1
agler	1
agora	1
agrees	1
agriculture	1
ahmed	1
ailing	1
aim	1
ainsley	1
airball	1
airballed	1
airheadedness	1
ajr	1
akin	1
alabamaif	1
alan	1
alanna	1
albany	1
alberta	1
alderweireld	1
aldiniti	1
alert	1
algeriakenyasudanugandapresident	1
aligned	1
allegedly	1
allergy	1
alli	1
alliance	1
allows	1
alma	1
aloud	1
alpha	1
alpine	1
alright	1
altered	1
aluminum	1
alumnus	1
amassed	1
amassing	1
amazement	1
amend	1
amenity	1
ames	1
amicable	1
analysis	1
anchoring	1
ancillary	1
andy	1
anfield	1
angele	1
anger	1
angler	1
anglo	1
anglos	1
angry	1
anigwe	1
anil	1
animal	1
anna	1
anne	1
annotator	1
annoyed	1
anonymous	1
anosike	1
answering	1
antagonist	1
antagonistic	1
anthea	1
anticipate	1
anticipation	1
antique	1
antiquity	1
apollo	1
apologyat	1
apparel	1
appeal	1
appealing	1
appendicitis	1
appetite	1
applause	1
apply	1
appoint	1
appreciates	1
appreciative	1
apprehended	1
apprehensive	1
approve	1
approximately	1
apps	1
aratonhjwest	1
aratonthe	1
aratontimes	1
archaeological	1
archbishop	1
archer	1
archival	1
arenasfor	1
argentina	1
arguably	1
argued	1
arise	1
ariz	1
ariza	1
ark	1
arnold	1
aron	1
arose	1
arrange	1
arranged	1
arrest	1
arresting	1
arrives	1
arson	1
artwork	1
ascension	1
asghedom	1
ashamed	1
asian	1
asks	1
aspire	1
ass	1
assailed	1
assange	1
assembled	1
assurance	1
assuredly	1
assuring	1
astrid	1
astronaut	1
athos	1
atmosphere	1
atrocious	1
attaching	1
attacked	1
attempting	1
attendance	1
attendant	1
attending	1
attends	1
attest	1
attire	1
attracted	1
attractive	1
attuned	1
audition	1
auguste	1
aura	1
auspicious	1
aussie	1
authoritarian	1
auto	1
autobiographical	1
autograph	1
automaker	1
availability	1
avery	1
avy	1
await	1
awaited	1
awaits	1
awardall	1
awkward	1
awkwardly	1
awoke	1
axelrod	1
ayesha	1
babcock	1
backflip	1
backkawhi	1
backside	1
backstage	1
backtracked	1
backward	1
backyard	1
bacon	1
badge	1
badger	1
bail	1
bailey	1
bainbridge	1
bakersfield	1
balked	1
balky	1
ballard	1
balletic	1
ballhandler	1
ballot	1
bally	1
baltic	1
balu	1
bam	1
ban	1
banded	1
banged	1
banging	1
banishment	1
banked	1
banker	1
banter	1
baptized	1
barbershop	1
barbie	1
barest	1
bargain	1
bargaining	1
baristas	1
barkin	1
barricade	1
bartow	1
baruch	1
basesby	1
bashir	1
batch	1
bath	1
batter	1
bayless	1
baylorconnecticutnotre	1
baynes	1
bearcat	1
bearer	1
beatles	1
becky	1
bedrock	1
bedtime	1
beefed	1
befitting	1
beg	1
beginningsthere	1
behaved	1
behavioral	1
beijing	1
being	1
belichick	1
believer	1
bellowing	1
belonging	1
bembry	1
benched	1
benching	1
benchmark	1
benchwarmer	1
bend	1
bended	1
benefited	1
benford	1
bengaluru	1
benhoffmannyt	1
benhoffmannytwest	1
bennettstevens	1
bent	1
berger	1
bernard	1
bernie	1
berry	1
bertans	1
beset	1
beside	1
bestowed	1
betrayal	1
bettor	1
bevs	1
bias	1
bicycle	1
bieber	1
biggie	1
bilagaanas	1
billboard	1
billingsley	1
bingo	1
biology	1
birmingham	1
bite	1
bitter	1
bittersweet	1
bizarre	1
bjelica	1
blacksburg	1
blackshear	1
blade	1
blame	1
bland	1
blared	1
blazerstrail	1
blazing	1
bleacher	1
bleed	1
blessing	1
blind	1
blinking	1
bliss	1
blizzard	1
bloc	1
blockage	1
blond	1
blooming	1
bluejeans	1
blunder	1
blunt	1
blurry	1
blustery	1
bmx	1
boasting	1
bobbitt	1
bobby	1
boggled	1
bogus	1
boilermakers	1
bollywood	1
bologna	1
bolster	1
bolstered	1
bonded	1
bonnet	1
bookend	1
booker	1
bookmaker	1
bookstore	1
boom	1
booming	1
boon	1
booth	1
bored	1
boredom	1
borgata	1
boros	1
borrow	1
borrowed	1
bosnian	1
bottomed	1
bouncing	1
boutique	1
bowel	1
bowen	1
boxy	1
boycott	1
bradenton	1
bradley	1
brain	1
brainer	1
branded	1
brandi	1
branding	1
brandone	1
brantley	1
brasell	1
brash	1
brass	1
bravado	1
bravely	1
bravo	1
bread	1
breakdown	1
breanna	1
breast	1
breathe	1
breathed	1
breathy	1
breeder	1
breen	1
breeze	1
brendan	1
brent	1
brexita	1
bri	1
brianna	1
brick	1
brie	1
brien	1
brighton	1
brilliant	1
brilliantly	1
brimming	1
bristle	1
brittney	1
bro	1
brocail	1
bromwich	1
brondello	1
bronx	1
bronze	1
brooksbilly	1
bros	1
brunt	1
brush	1
brushed	1
bubbly	1
buccaneer	1
buckner	1
buckssopan	1
budenholzers	1
budge	1
budgetsecret	1
buffet	1
buffoonish	1
buford	1
buick	1
bulldog	1
bullied	1
bullock	1
bully	1
bum	1
bummer	1
bundesliga	1
bundle	1
burger	1
burnishing	1
bursting	1
burt	1
busier	1
busiest	1
businessman	1
bustling	1
butte	1
buttered	1
buttermilk	1
byby	1
bye	1
bypass	1
bypassing	1
cabrera	1
cacciola	1
cacciolalos	1
cacciolalou	1
cacciolathe	1
cactus	1
caffaro	1
caitlyn	1
cakewalk	1
calcaterra	1
calculated	1
californian	1
calipari	1
calmer	1
cameroon	1
canadaecuadorperuswitzerlandpresident	1
canadiens	1
canales	1
canceled	1
candle	1
candor	1
canedy	1
canny	1
canoe	1
canuck	1
canvas	1
capacity	1
capitalize	1
capping	1
capriati	1
capstone	1
captivated	1
caput	1
caravan	1
careful	1
carefully	1
carl	1
carla	1
carlisle	1
carlos	1
carlton	1
carsen	1
carson	1
cartoon	1
cartooning	1
cartouche	1
caruso	1
caruthersthe	1
carved	1
cary	1
cashman	1
cashthe	1
cassy	1
casting	1
castmates	1
castoffs	1
casualty	1
cat	1
catapano	1
cathartic	1
cathedral	1
catoday	1
catskills	1
cautiously	1
cautiousness	1
cavazos	1
ceaseless	1
ceding	1
ceedee	1
celsius	1
celticsboston	1
cement	1
census	1
centric	1
certifiable	1
certified	1
chad	1
chaim	1
chair	1
channing	1
chaotic	1
chaperone	1
chaplin	1
chapman	1
characterized	1
charging	1
charisma	1
charismatic	1
charlottesville	1
chased	1
chastised	1
chatting	1
cheatham	1
cheating	1
cheek	1
cheeky	1
cheerio	1
chef	1
chen	1
chic	1
chicagonew	1
chico	1
childers	1
chili	1
china	1
chirp	1
chiu	1
cholesterol	1
chortled	1
chose	1
chrissy	1
christianity	1
christopher	1
christy	1
chronic	1
chronicled	1
chronicling	1
chuckled	1
chuma	1
chunk	1
churchgoer	1
churned	1
cia	1
cierra	1
cigarette	1
circadian	1
circled	1
circulate	1
circulation	1
civic	1
civilian	1
claiming	1
claire	1
clamor	1
clanked	1
clarity	1
clarke	1
clash	1
clasping	1
classical	1
classified	1
clause	1
claw	1
clay	1
clayton	1
cleaner	1
cleanthony	1
clearance	1
clearer	1
clemencewhen	1
clemson	1
clenched	1
clergyman	1
climaxed	1
climbed	1
cling	1
clinic	1
clipperstied	1
clogged	1
closely	1
closeness	1
closeout	1
clot	1
cloth	1
clothes	1
clucas	1
coalition	1
coasted	1
coat	1
coates	1
coax	1
cocksure	1
coherent	1
cohesiveness	1
coincide	1
coincidence	1
coliseum	1
collapsed	1
collapsing	1
collateral	1
colleague	1
collect	1
collectively	1
collegiate	1
collegiately	1
collided	1
columbia	1
columbus	1
column	1
combat	1
combed	1
combo	1
comcast	1
comedic	1
comedy	1
comhbo	1
comic	1
comingsometime	1
command	1
commemorating	1
commence	1
commended	1
commentary	1
commentator	1
commented	1
commenters	1
commercially	1
commonly	1
communication	1
commuting	1
comparing	1
compelled	1
compensate	1
competitively	1
compile	1
complacent	1
completing	1
compliance	1
complicate	1
compliment	1
comply	1
component	1
composition	1
comprise	1
comprises	1
conceal	1
concede	1
conceived	1
concept	1
concernsthe	1
concession	1
conclude	1
conclusively	1
condemn	1
conducted	1
conducting	1
confederacy	1
conferenceportland	1
conferencethe	1
confessed	1
confidentiality	1
confidently	1
configuration	1
confirm	1
confirming	1
conflict	1
conform	1
conforming	1
conformthe	1
confounding	1
confront	1
confronted	1
confused	1
confusing	1
confusion	1
congratulatory	1
congress	1
connect	1
connell	1
consciousness	1
consensus	1
conservative	1
consist	1
consistency	1
consonant	1
conspiring	1
constituency	1
constraint	1
constructed	1
constructing	1
consultancy	1
consulted	1
consumption	1
contain	1
contemplating	1
contemporary	1
contend	1
contending	1
contested	1
continually	1
continuity	1
contorting	1
contributing	1
controversial	1
conundrum	1
convenient	1
convention	1
conversationby	1
conversationsall	1
converting	1
conviction	1
convince	1
convincing	1
coo	1
cook	1
cooking	1
cooler	1
cooper	1
coordinating	1
cope	1
coping	1
copy	1
corey	1
cornerback	1
cornerstone	1
correctional	1
correctly	1
corridor	1
corruption	1
costing	1
costume	1
cotton	1
couch	1
cougar	1
councilwoman	1
counsel	1
counted	1
counterpart	1
coupled	1
courted	1
courtney	1
courtsidepatriots	1
cowan	1
cowangood	1
cowpoke	1
cracked	1
craft	1
crafted	1
craftier	1
craig	1
crammed	1
crash	1
creates	1
creation	1
credibility	1
creditcreditmaddie	1
creighton	1
crenshaw	1
crept	1
crest	1
cried	1
crippling	1
crips	1
cristiano	1
critchleymr	1
criterion	1
critically	1
criticize	1
criticizing	1
crocus	1
cropped	1
crouch	1
crowded	1
crowned	1
crumpled	1
crunch	1
crunchtime	1
crushed	1
cryer	1
cryptic	1
crystal	1
culminated	1
culpability	1
cultivating	1
cultural	1
culver	1
cure	1
curing	1
curious	1
curling	1
currency	1
curricular	1
curriculum	1
curtailing	1
curtain	1
curtis	1
curveballs	1
cushion	1
cusp	1
customary	1
customer	1
cutting	1
cynicism	1
cyruswynonna	1
daddy	1
dagger	1
dah	1
dais	1
dakarai	1
dakota	1
damage	1
damaged	1
dameoregonadvertisement	1
damn	1
damning	1
dana	1
danuel	1
dapper	1
daring	1
darko	1
darlene	1
darling	1
darrin	1
dashing	1
database	1
davide	1
daycare	1
deacon	1
deadly	1
dealership	1
deandre	1
dearly	1
deaundre	1
deb	1
debatable	1
debboston	1
debilitating	1
debit	1
debridement	1
debusschere	1
debutdemarcus	1
deceived	1
decidedly	1
decisionmiami	1
decisive	1
deck	1
decline	1
declining	1
decorum	1
dedicates	1
deeddoc	1
defamation	1
defection	1
defend	1
defendant	1
deficiency	1
define	1
defines	1
deflated	1
deflected	1
defrauding	1
deft	1
defying	1
degeorge	1
dehydration	1
deified	1
dejected	1
del	1
delayed	1
deleted	1
deli	1
deliberate	1
deliver	1
deliverance	1
delivers	1
dellavedova	1
dellin	1
delta	1
demanded	1
demanding	1
demeanor	1
demetrius	1
demo	1
demographic	1
demon	1
demonstrate	1
demonstrating	1
demote	1
demotion	1
deng	1
denmark	1
deny	1
denzel	1
departing	1
deploying	1
depooter	1
deporting	1
derailed	1
derailing	1
deranged	1
derek	1
derogatory	1
descend	1
descended	1
descending	1
describes	1
description	1
deserves	1
designed	1
designer	1
desirable	1
desired	1
despair	1
desperation	1
destitute	1
destroyed	1
detached	1
detailed	1
dethrone	1
devastation	1
deviously	1
devised	1
devising	1
devon	1
devote	1
devotee	1
devotes	1
dial	1
dialed	1
diaz	1
dictate	1
dictator	1
diego	1
differ	1
digging	1
dignity	1
dijk	1
dikembe	1
dilkon	1
dillard	1
dillon	1
diminish	1
dinosaur	1
dion	1
dionysia	1
dip	1
diploma	1
diplomatic	1
direct	1
dirkthe	1
dirty	1
disappear	1
disappearance	1
disappointment	1
disapproving	1
disbanding	1
discernible	1
disciplinary	1
discontent	1
discord	1
discourage	1
discovering	1
disdain	1
disenfranchised	1
disgraced	1
disgruntled	1
disgustingly	1
disinhibited	1
disintegration	1
dislike	1
dismantle	1
dismissal	1
dispelling	1
displaced	1
disputed	1
disquieting	1
disruptively	1
dissatisfaction	1
dissolved	1
distancedonovan	1
distaste	1
distinctive	1
distinctly	1
distract	1
distracted	1
distracting	1
distracts	1
districtwide	1
ditto	1
dive	1
divergent	1
diversity	1
diverted	1
diverting	1
divorcing	1
dizzied	1
dmc	1
dodged	1
dodging	1
doe	1
dogged	1
dogwood	1
doke	1
domantas	1
domination	1
dominican	1
donation	1
donned	1
dope	1
dori	1
dorm	1
dormitory	1
dort	1
dotty	1
doubtful	1
doughnut	1
dove	1
down	1
dozed	1
drafting	1
draftkings	1
drag	1
dragged	1
dragging	1
draining	1
drape	1
drastically	1
drawl	1
dreaded	1
dreadful	1
dreamed	1
drifted	1
drillers	1
drink	1
drinking	1
driveway	1
drowsy	1
drugged	1
dry	1
dub	1
duchess	1
dud	1
duel	1
dull	1
duly	1
dumb	1
dumped	1
dunklin	1
dunn	1
duo	1
duplicate	1
durable	1
durham	1
durkin	1
dwarfing	1
dwayne	1
dwell	1
dylan	1
dynamo	1
dynastic	1
dzanan	1
earful	1
earvin	1
easiest	1
easter	1
easternbrooklyn	1
easternindiana	1
ebullient	1
echelon	1
echo	1
echoing	1
eclectic	1
economically	1
economics	1
economy	1
ecstasy	1
edgy	1
edition	1
edmond	1
educator	1
eerily	1
egg	1
egged	1
ekaterinburg	1
elaborate	1
elaborating	1
eldest	1
eldred	1
elect	1
election	1
element	1
eleusis	1
elevate	1
elevated	1
elevator	1
elia	1
elicit	1
ellenson	1
elli	1
ellsbury	1
elodie	1
elton	1
eluded	1
ely	1
embargo	1
embark	1
embarked	1
embarrassed	1
embarrassment	1
embassy	1
embattled	1
emblazoned	1
embryonic	1
emerges	1
emerging	1
emeritus	1
emily	1
emma	1
emmanuel	1
emotionless	1
emotionsas	1
empathy	1
emphasis	1
emphatic	1
employed	1
empowered	1
emptiness	1
enabling	1
enacts	1
encompassing	1
encore	1
encounter	1
encourages	1
encouraging	1
encroachment	1
endanger	1
endearing	1
endorses	1
enemy	1
energized	1
enforcementoffice	1
engaged	1
engagement	1
engenders	1
engine	1
engineer	1
enigma	1
enjoyable	1
enjoyment	1
enlarged	1
enormously	1
ensemble	1
ensuing	1
ensures	1
enticing	1
entirety	1
entity	1
entrance	1
eovaldi	1
equal	1
equally	1
equinox	1
equivalency	1
equivalent	1
eradicating	1
erie	1
ermias	1
ernest	1
ernie	1
erode	1
erodes	1
errant	1
eruption	1
escalation	1
escalera	1
escaped	1
espndon	1
essay	1
essence	1
establishing	1
estranged	1
etc	1
ethnicity	1
etiquette	1
euro	1
eva	1
evacuate	1
evander	1
evans	1
eveapril	1
evened	1
eventful	1
everyman	1
evidently	1
examined	1
examiner	1
examines	1
excerpt	1
exchanged	1
exchanging	1
excludes	1
exclusion	1
excommunicated	1
executed	1
executor	1
exemplary	1
exercise	1
exert	1
exhibit	1
exhibition	1
existed	1
existing	1
exiting	1
expansion	1
expansive	1
experiment	1
experimental	1
expertise	1
expertly	1
expires	1
expiring	1
explains	1
explode	1
exploded	1
explodes	1
exploit	1
explores	1
exploring	1
explosion	1
explosive	1
exposure	1
extends	1
extensive	1
extinguished	1
extortion	1
extravaganza	1
exulting	1
ezi	1
ezra	1
fabricated	1
fabulous	1
faceas	1
facesthe	1
facet	1
facetime	1
facilitate	1
faculty	1
fade	1
faded	1
fading	1
fahrenheit	1
fail	1
fails	1
fairway	1
faithful	1
fake	1
false	1
falsely	1
faltered	1
famed	1
famers	1
familiarity	1
fancied	1
fancy	1
fanduel	1
fanfare	1
fare	1
farewell	1
farewella	1
faring	1
farrar	1
farrow	1
fascia	1
fascinating	1
fastbreak	1
fat	1
fatally	1
fatigue	1
fatten	1
fawkes	1
fayetteville	1
faze	1
fazed	1
feared	1
fearless	1
featuring	1
fed	1
federation	1
fee	1
fella	1
fence	1
fencing	1
fend	1
ferman	1
fernando	1
ferris	1
fervent	1
feted	1
feuding	1
fiba	1
fiction	1
fierce	1
fignon	1
figured	1
figuring	1
filipino	1
filmed	1
finalized	1
finalizing	1
financier	1
finger	1
firepower	1
firmly	1
firsthand	1
firstthe	1
fiscal	1
fivegolden	1
fiving	1
fix	1
fixated	1
fixed	1
fixture	1
flailing	1
flair	1
flame	1
flameout	1
flash	1
flashing	1
flashy	1
flat	1
flattened	1
fled	1
fledgling	1
flee	1
flew	1
fli	1
fling	1
flint	1
flirtation	1
floater	1
flocked	1
floodlight	1
flowersi	1
floyd	1
fluff	1
fluid	1
fluky	1
flummoxed	1
flush	1
flutter	1
flyer	1
foam	1
foe	1
fog	1
foglietta	1
foil	1
folded	1
fondness	1
foothill	1
footing	1
footloose	1
forecaster	1
foreigner	1
foreman	1
foremost	1
foreseeable	1
foresight	1
forge	1
forgetting	1
forgoing	1
forgotten	1
forman	1
formation	1
formed	1
forthcoming	1
foster	1
foxx	1
foy	1
foyle	1
fracture	1
fragile	1
fragmentary	1
francis	1
franco	1
frank	1
frankel	1
frankie	1
franklin	1
frantic	1
freak	1
freakish	1
freelancer	1
frequent	1
frequents	1
fresher	1
freshly	1
fried	1
friended	1
friendly	1
frittered	1
frontcourt	1
frontrunner	1
fruit	1
fruitful	1
fueling	1
fukushima	1
fulfilling	1
fultz	1
fumed	1
function	1
funk	1
funneling	1
furniture	1
furthermore	1
fuson	1
futile	1
futility	1
gabby	1
gabrielle	1
gadhafi	1
gael	1
gah	1
gained	1
gaining	1
gala	1
galvanized	1
gamble	1
gamesmanship	1
gaming	1
ganado	1
gape	1
gar	1
garage	1
gardner	1
gargantuan	1
garment	1
garner	1
garrett	1
garth	1
gasbuddy	1
gasoline	1
gasp	1
gateway	1
gathering	1
gator	1
gaul	1
gay	1
gayle	1
gear	1
generally	1
generously	1
genocide	1
gentler	1
genuinely	1
genzlingergeorgia	1
geoffrey	1
gerkin	1
germania	1
gerry	1
gersson	1
gesture	1
giancarlo	1
gifted	1
giggle	1
gilchrist	1
giles	1
gina	1
girly	1
gladness	1
glide	1
gloom	1
glory	1
glove	1
glow	1
gmc	1
gnawed	1
gnawing	1
godfather	1
golfer	1
goliath	1
gonna	1
goodness	1
google	1
gothic	1
governing	1
goya	1
graham	1
grammy	1
grandcamp	1
grandeur	1
grandkids	1
granted	1
granting	1
graphic	1
grapple	1
grappled	1
grappling	1
grasp	1
grass	1
gratifying	1
gravitational	1
greatly	1
greenakron	1
greenery	1
greenpoint	1
greenville	1
greet	1
greyhound	1
grinder	1
griner	1
grip	1
gritty	1
groan	1
grohmann	1
groomed	1
groove	1
gross	1
groundskeeper	1
grousbeck	1
grunfeld	1
guarding	1
guare	1
guerrant	1
guerschon	1
guessed	1
guidance	1
guinea	1
guinness	1
gulfstream	1
gulich	1
gundy	1
gunshot	1
gunslinger	1
gunsmoke	1
gwinnett	1
gymnast	1
gymnastics	1
gynecologist	1
haas	1
habitually	1
hack	1
hagen	1
hailed	1
halfcourt	1
halloweenguy	1
halt	1
hammering	1
hammon	1
handing	1
handsome	1
handwritten	1
hangover	1
hankering	1
haphazard	1
happydemar	1
hara	1
harbor	1
hardware	1
hardwood	1
harmoniously	1
harped	1
harriet	1
harshest	1
hart	1
harvard	1
hash	1
haspel	1
hauling	1
haunting	1
hauntingly	1
havlicek	1
headache	1
header	1
headtoronto	1
headway	1
healthcapela	1
healthgriffin	1
heartbeat	1
heartfelt	1
heatwave	1
heave	1
heaven	1
hectic	1
heeded	1
heisman	1
helium	1
hell	1
hellenic	1
hello	1
hence	1
hendron	1
henson	1
hern	1
hernangomez	1
heroic	1
heron	1
hesitate	1
hesitation	1
hetzel	1
hgtv	1
hick	1
hiding	1
hiedeman	1
highschool	1
highway	1
hillsong	1
hines	1
hinging	1
hiroko	1
hissed	1
historythe	1
historytoday	1
ho	1
hoarding	1
hoffmanthe	1
holea	1
hollow	1
holly	1
holyfield	1
homeorlando	1
homer	1
homewood	1
homewoodgirls	1
homewoodpain	1
homicide	1
homophobic	1
honed	1
honeywell	1
hong	1
honorable	1
honoree	1
honoring	1
hopeful	1
hopi	1
hopkins	1
hopped	1
horn	1
hornbuckle	1
horrific	1
horrified	1
horsepower	1
horseshoe	1
horton	1
hospitable	1
hostage	1
hostingminnesota	1
hotspur	1
housewares	1
hsun	1
huddled	1
huerta	1
hugo	1
humanity	1
humanly	1
humbling	1
humdrum	1
humid	1
humiliated	1
hunger	1
hungry	1
hunting	1
hurtful	1
hush	1
husky	1
hustle	1
hutchison	1
hyde	1
hydrated	1
hydrogen	1
hypothetical	1
id	1
identify	1
idiosyncratic	1
idle	1
idolizing	1
idyllic	1
ignominiously	1
ignorant	1
ilhan	1
illegally	1
illness	1
illuminating	1
illustrates	1
imagery	1
imaging	1
immense	1
immerse	1
immigrant	1
immobile	1
immortal	1
immortality	1
immortalized	1
immune	1
immunizing	1
impassioned	1
implemented	1
implementing	1
imploring	1
import	1
importing	1
imposed	1
imposing	1
imprint	1
imprisoned	1
impromptu	1
improper	1
inaccurately	1
inaugural	1
inauguration	1
inbetween	1
inbounds	1
incapacity	1
incarcerated	1
incarceration	1
inched	1
incheon	1
incidentally	1
inciting	1
incoming	1
incomplete	1
incorporated	1
increasing	1
independence	1
indicate	1
indicating	1
indicator	1
indios	1
indisputably	1
individually	1
indoor	1
induce	1
inducted	1
inexorably	1
inexpensive	1
inexperience	1
inexperienced	1
infancy	1
infant	1
infected	1
infielder	1
inflammation	1
inflection	1
influencing	1
ingrained	1
ingrid	1
inherit	1
injection	1
injustice	1
inmate	1
innate	1
inner	1
innocent	1
innovate	1
input	1
inquiry	1
inroad	1
insceltics	1
insdetroit	1
insert	1
inserted	1
insgrizzlies	1
insheat	1
inshornets	1
insider	1
insiderfor	1
insisting	1
inskings	1
insmavericks	1
insnuggets	1
inspacers	1
inspelicans	1
inspirational	1
inspire	1
insraptors	1
instability	1
install	1
installment	1
instilling	1
instinet	1
institute	1
institutional	1
instructional	1
instrumental	1
insult	1
intact	1
intangible	1
integration	1
intelligence	1
intend	1
intends	1
intensely	1
intensified	1
intently	1
interactive	1
interfere	1
interloper	1
intermission	1
internist	1
interpretation	1
interrelated	1
interrogation	1
interrupt	1
intervention	1
interviewer	1
intestinal	1
intimated	1
intimidate	1
intimidated	1
introductory	1
intuitive	1
invaluable	1
invented	1
investor	1
invite	1
ipads	1
iphonethe	1
irannorth	1
iraq	1
ireland	1
irredeemable	1
irrelevant	1
irritate	1
irritated	1
isolated	1
itching	1
iteration	1
itmitchell	1
jacoby	1
jagged	1
jahlil	1
jakob	1
jamahl	1
jammed	1
jap	1
jarring	1
javale	1
jawed	1
jawing	1
jaxson	1
jazzier	1
jealous	1
jeju	1
jell	1
jelling	1
jenkins	1
jensen	1
jent	1
jerryd	1
jerseythe	1
jerseywade	1
jess	1
jessica	1
jesus	1
jewell	1
jewelry	1
jewish	1
jillcowan	1
jitter	1
joan	1
joaquin	1
jock	1
jockey	1
johnathan	1
jojo	1
jolly	1
jonesiemanwest	1
jordi	1
joshua	1
joyless	1
jrue	1
juan	1
juancho	1
juddtrisha	1
juergen	1
juggernaut	1
juice	1
julian	1
jumped	1
jumping	1
jumpsuit	1
juror	1
justified	1
justifying	1
justise	1
kabengele	1
kadeem	1
kalani	1
kamari	1
kamasi	1
kan	1
kane	1
kanye	1
karisch	1
karolos	1
kartemquin	1
kayak	1
kaye	1
keeli	1
keenest	1
keith	1
keldon	1
kellen	1
kelli	1
kellywhitesidewest	1
kelsey	1
kendrick	1
kenisha	1
kenrich	1
kenya	1
kepnerthe	1
kerry	1
kerstin	1
keyboard	1
khaki	1
kiara	1
kidd	1
kidding	1
kihei	1
kill	1
kindergarten	1
kindly	1
kinesiology	1
kirk	1
kirstin	1
kitsul	1
klopp	1
klutch	1
knell	1
knick	1
knock	1
knotting	1
knotts	1
knowledgeable	1
knoxville	1
kody	1
koeperich	1
koepka	1
koerperich	1
kongi	1
korea	1
korean	1
korearussiavenezuelathe	1
korner	1
kqed	1
kramer	1
kristaps	1
kristen	1
kristie	1
kristina	1
kristine	1
kumar	1
kupchak	1
kursk	1
kurt	1
kwame	1
labeled	1
lace	1
lacked	1
lackluster	1
lad	1
ladder	1
laden	1
lag	1
laid	1
lake	1
lamar	1
lament	1
lamp	1
lander	1
landmark	1
landscape	1
langford	1
langon	1
lap	1
lapse	1
lasted	1
lasting	1
lastly	1
latitude	1
latter	1
latvia	1
lauderdale	1
laughter	1
launching	1
laundrette	1
laurent	1
lavin	1
lavine	1
lavish	1
lawrence	1
lawson	1
layer	1
laying	1
layoff	1
lazarus	1
leaguer	1
leaguewide	1
leaked	1
leaned	1
learner	1
legacy	1
legalize	1
legally	1
legendary	1
legislation	1
legislator	1
lemon	1
lengthened	1
lengthening	1
lenience	1
leslie	1
lessened	1
lesson	1
lethal	1
levelheaded	1
leveraging	1
levy	1
lexie	1
lgbtqia	1
liaison	1
liamani	1
liberal	1
lien	1
lifepain	1
lifespan	1
lifestyle	1
lifetime	1
lifting	1
lightly	1
lil	1
lilly	1
limitation	1
linchpin	1
linetoronto	1
lingered	1
lingering	1
linguistic	1
link	1
lit	1
littleton	1
liturgical	1
liturgy	1
liveright	1
lloris	1
lloyd	1
lob	1
lobby	1
locally	1
locher	1
lofty	1
log	1
logistical	1
logistically	1
logo	1
logothe	1
lombardiembracing	1
lon	1
looming	1
lori	1
loudest	1
loughlin	1
lowe	1
lowered	1
loyd	1
luc	1
lucas	1
lucky	1
luguentz	1
luka	1
lukas	1
lumbering	1
luminary	1
lunch	1
lunge	1
luol	1
lusk	1
luther	1
lying	1
lyles	1
lynes	1
lys	1
mabrey	1
mac	1
macdougall	1
mack	1
macron	1
mad	1
madi	1
maersk	1
maestas	1
maestro	1
mafia	1
magbegor	1
magnetic	1
magnified	1
mahoney	1
mai	1
mainstream	1
maintain	1
maintenance	1
makenzie	1
malaise	1
malife	1
maligned	1
malware	1
mane	1
manger	1
mangino	1
mania	1
manipulated	1
manner	1
manny	1
mansion	1
mar	1
maravich	1
marching	1
marginal	1
marginalized	1
margrethe	1
maria	1
marie	1
marina	1
marissa	1
markelle	1
marketplace	1
marking	1
marknba	1
marksmanship	1
marla	1
marot	1
marred	1
marreese	1
marriage	1
married	1
marrow	1
marry	1
marshall	1
martell	1
marvelous	1
masahiro	1
masculine	1
masculinityi	1
mask	1
masociety	1
massachusetts	1
massachusettsadvertisement	1
massachusettsi	1
mastermandefending	1
mastermani	1
masterpiece	1
masuike	1
mater	1
matheras	1
matherthe	1
mathertiger	1
matrix	1
mattered	1
matterstoronto	1
mattingly	1
maturity	1
mavs	1
maxim	1
maximize	1
maximizing	1
mbah	1
mballa	1
mcadoo	1
mcaleenan	1
mcallen	1
mccaffrey	1
mccolllum	1
mcconnell	1
mcgarvey	1
mckay	1
mckellar	1
mclaughlin	1
mcnary	1
meadow	1
meadowlands	1
meander	1
measles	1
measured	1
meat	1
med	1
median	1
mediaseattle	1
medication	1
mediocre	1
mediocrity	1
meditation	1
meditative	1
meetingsmilwaukee	1
megachurch	1
megachurches	1
megan	1
megdalfor	1
melina	1
mend	1
mentally	1
mentoring	1
mere	1
merely	1
meriwether	1
metaforce	1
metaphor	1
meteorological	1
method	1
methodical	1
methodically	1
metoo	1
metro	1
metropolis	1
metropolitan	1
mets	1
mfiondu	1
mia	1
michel	1
michele	1
midcentury	1
midlothian	1
midrange	1
mikhail	1
milder	1
milicic	1
millennium	1
milner	1
milo	1
mimi	1
mimic	1
minding	1
mine	1
mini	1
minimum	1
ministry	1
minority	1
mintz	1
minus	1
mirai	1
mirror	1
mischievous	1
miscommunicated	1
miscue	1
misdemeanor	1
miserable	1
misery	1
misguided	1
misleading	1
misplaced	1
mississippibeing	1
mist	1
mistaken	1
mistreanu	1
mitch	1
mitsubishi	1
mixing	1
mlb	1
moammar	1
mobile	1
mocking	1
mode	1
moderated	1
moderator	1
modernize	1
modified	1
mogul	1
mohammed	1
moisturizing	1
molinari	1
monarch	1
monica	1
monitor	1
monitored	1
monmouth	1
monotone	1
monotonous	1
montenegrin	1
monthlong	1
monument	1
moo	1
moon	1
moonlighted	1
moonshots	1
moorer	1
mopped	1
morale	1
morality	1
mordecai	1
moribund	1
morphed	1
mortal	1
mortality	1
mosley	1
motion	1
motivates	1
motive	1
motor	1
motorcycle	1
mounted	1
mourning	1
moute	1
mouthed	1
moxie	1
mozgov	1
mr	1
msnbc	1
mspain	1
msu	1
muggsy	1
muhammad	1
multibillion	1
multiyear	1
mum	1
munching	1
munchkins	1
mural	1
murder	1
murry	1
musa	1
museum	1
mustang	1
mute	1
myles	1
mystical	1
mythmaking	1
na	1
nagasu	1
naia	1
nailed	1
namesake	1
naming	1
nanni	1
nap	1
napier	1
narrated	1
narrow	1
nash	1
nassar	1
nataylia	1
nathan	1
nationalist	1
natisha	1
nattily	1
navigate	1
navigating	1
navy	1
naysayer	1
naz	1
nazi	1
nbatvneed	1
nbca	1
nbl	1
ncappreciating	1
ncbeing	1
nci	1
ncliving	1
ncno	1
ncrebirth	1
ncsince	1
ncwarm	1
ndezlos	1
neared	1
needing	1
negotiating	1
nehisi	1
neighbor	1
nemanja	1
nembhard	1
neophyte	1
nephew	1
nerd	1
nervous	1
netanyahu	1
neto	1
netstied	1
networkfor	1
neutral	1
nevada	1
nevertheless	1
newcastle	1
newcomer	1
newest	1
newscast	1
newsletter	1
newsman	1
newyork	1
nextafter	1
nextboston	1
nextclippers	1
nextgrizzlies	1
nextheat	1
nexthornets	1
nextmavericks	1
nextnuggets	1
nextpelicans	1
nextraptors	1
nextsacramento	1
nexttimberwolves	1
neymar	1
niagara	1
niche	1
nicholas	1
nichols	1
nickeil	1
nickname	1
nicknamed	1
nickole	1
nicky	1
nico	1
nicola	1
nicole	1
nieuwenhuis	1
nightclub	1
nightdemarcus	1
nightly	1
nightnew	1
nil	1
nimble	1
ninety	1
nit	1
nitpick	1
nivedita	1
nji	1
njspring	1
nolley	1
nomination	1
nomura	1
noncommittal	1
noncontact	1
nonsense	1
nonsubscribers	1
noon	1
nope	1
norc	1
norr	1
northeast	1
norwood	1
nosed	1
nostalgia	1
notched	1
noticeable	1
notification	1
novice	1
novo	1
nowadays	1
nowadvertisement	1
nuance	1
nuanced	1
nub	1
nuclear	1
nuggetsspurs	1
nurtured	1
nutrient	1
nwea	1
nwora	1
nytopinion	1
nytrealestate	1
oak	1
oath	1
objected	1
obliged	1
obligingly	1
obscure	1
observant	1
observatory	1
obsession	1
obstruct	1
obtain	1
obvious	1
occupation	1
ocean	1
oceanport	1
odd	1
ode	1
offending	1
officiate	1
offs	1
ojele	1
ojeleye	1
okafor	1
okay	1
okc	1
okeke	1
omen	1
ominous	1
omnipresent	1
onanism	1
onerous	1
onstage	1
onus	1
onwuachi	1
oops	1
openly	1
operated	1
oppose	1
oprah	1
optic	1
optimist	1
opts	1
oraclethe	1
orbit	1
ordered	1
orgeron	1
originally	1
originated	1
originating	1
ornate	1
otherworldly	1
otlos	1
otto	1
ounce	1
ouster	1
out	1
outlasted	1
outline	1
outlining	1
outmaneuver	1
outmatched	1
outpacing	1
outplayed	1
outrageous	1
outspoken	1
outstanding	1
over	1
overachieved	1
overachieving	1
overblown	1
overdose	1
overflowing	1
overhaul	1
overheard	1
overlapped	1
overlooked	1
overlooking	1
overmatched	1
overorlando	1
overreacting	1
overriding	1
oversaw	1
overseeing	1
overshadowed	1
oversize	1
overstated	1
overstatement	1
overstuffed	1
overturned	1
oxygen	1
p1	1
p10	1
p100	1
p101	1
p102	1
p103	1
p104	1
p105	1
p106	1
p107	1
p108	1
p109	1
p11	1
p110	1
p111	1
p112	1
p113	1
p114	1
p115	1
p116	1
p117	1
p118	1
p119	1
p12	1
p120	1
p121	1
p122	1
p123	1
p124	1
p125	1
p126	1
p127	1
p128	1
p129	1
p13	1
p130	1
p131	1
p132	1
p133	1
p134	1
p135	1
p136	1
p137	1
p138	1
p139	1
p14	1
p140	1
p141	1
p142	1
p143	1
p144	1
p145	1
p146	1
p147	1
p148	1
p149	1
p15	1
p150	1
p151	1
p152	1
p153	1
p154	1
p155	1
p156	1
p157	1
p158	1
p159	1
p16	1
p160	1
p161	1
p162	1
p163	1
p164	1
p165	1
p166	1
p167	1
p168	1
p169	1
p17	1
p170	1
p171	1
p172	1
p173	1
p174	1
p18	1
p19	1
p2	1
p20	1
p21	1
p22	1
p23	1
p24	1
p25	1
p26	1
p27	1
p28	1
p29	1
p3	1
p30	1
p31	1
p32	1
p33	1
p34	1
p35	1
p36	1
p37	1
p38	1
p39	1
p4	1
p40	1
p41	1
p42	1
p43	1
p44	1
p45	1
p46	1
p47	1
p48	1
p49	1
p5	1
p50	1
p51	1
p52	1
p53	1
p54	1
p55	1
p56	1
p57	1
p58	1
p59	1
p6	1
p60	1
p61	1
p62	1
p63	1
p64	1
p65	1
p66	1
p67	1
p68	1
p69	1
p7	1
p70	1
p71	1
p72	1
p73	1
p74	1
p75	1
p76	1
p77	1
p78	1
p79	1
p8	1
p80	1
p81	1
p82	1
p83	1
p84	1
p85	1
p86	1
p87	1
p88	1
p89	1
p9	1
p90	1
p91	1
p92	1
p93	1
p94	1
p95	1
p96	1
p97	1
p98	1
p99	1
pacemaker	1
packer	1
pad	1
painless	1
painlife	1
painnot	1
painter	1
painting	1
palace	1
palm	1
pan	1
panel	1
panicked	1
panormou	1
paperwork	1
para	1
parade	1
paraded	1
paradigm	1
paradise	1
paragraph	1
parakeet	1
paraphrase	1
paraplegic	1
paring	1
parishioner	1
parity	1
parlay	1
parlaying	1
parliamentary	1
parochial	1
parson	1
participating	1
participation	1
partisan	1
partly	1
partnering	1
partnership	1
paschal	1
passing	1
passive	1
passover	1
pastime	1
patellaro	1
pathologist	1
patience	1
patriarch	1
patron	1
pause	1
paused	1
paved	1
pavement	1
pawnman	1
paxson	1
payoff	1
pb	1
peacefully	1
peaked	1
peculiar	1
pedestrian	1
pedro	1
pellet	1
pen	1
penchant	1
penningtonthe	1
penny	1
pentagon	1
pepper	1
perfectly	1
peril	1
periodic	1
permanently	1
permit	1
permitting	1
perpetual	1
perplexed	1
persecution	1
perseverance	1
persevere	1
persisted	1
persona	1
personalized	1
perspectivesstudents	1
persuading	1
pervasive	1
peterson	1
petrified	1
petroleum	1
phase	1
phenom	1
philadelphiaduring	1
philanthropy	1
philip	1
phillyi	1
phog	1
photographing	1
photography	1
photojournalist	1
photosview	1
phrase	1
physicalindiana	1
physiological	1
piano	1
piazza	1
pictured	1
pied	1
piled	1
pillory	1
piloted	1
pine	1
pint	1
pipeline	1
piper	1
pirner	1
pit	1
placate	1
plank	1
plantar	1
plastic	1
plateau	1
playbook	1
playhouse	1
playoffsby	1
playsugarhouse	1
plea	1
plead	1
pleading	1
pleasing	1
pleasure	1
plight	1
plot	1
ploy	1
plucky	1
plug	1
plum	1
poached	1
poeltl	1
poetic	1
poetry	1
pointboston	1
pointing	1
pointless	1
pointsthe	1
poise	1
poisekerr	1
poke	1
politically	1
politician	1
polkowski	1
polled	1
polygraph	1
pomp	1
pondered	1
pondering	1
ponderosa	1
pontiac	1
pontiff	1
ponzi	1
poorest	1
populous	1
pornographic	1
portico	1
portrait	1
positioning	1
positively	1
posse	1
possessing	1
postcard	1
poster	1
postseasons	1
potent	1
pounded	1
pounding	1
pouring	1
poussard	1
pov	1
powe	1
powell	1
powellholbrook	1
powered	1
ppg	1
praise	1
pratic	1
preach	1
preached	1
preaches	1
precaution	1
precautionary	1
preceded	1
predecessor	1
predicting	1
prediction	1
preferred	1
prefers	1
preform	1
pregnant	1
premiered	1
presbyterian	1
preschool	1
presenting	1
presently	1
preserved	1
pressatlantic	1
pressauburn	1
pressbaton	1
pressblacksburg	1
pressd	1
pressdetroit	1
presseast	1
pressfootball	1
presshouston	1
pressindependence	1
pressindianapolis	1
pressing	1
pressjohn	1
presslawrence	1
presslexington	1
pressluke	1
pressmemphis	1
pressmetairie	1
pressnorman	1
pressopening	1
pressorlando	1
pressphoenix	1
pressstony	1
presstoday	1
presstokyo	1
pressured	1
presswashington	1
presumption	1
presumptive	1
prettier	1
pretzel	1
prevailed	1
prevails	1
prevalent	1
preview	1
previewthere	1
primarily	1
primed	1
primeval	1
princeton	1
principle	1
pringle	1
print	1
pritchard	1
privacy	1
privately	1
privileged	1
prized	1
problemsboston	1
processed	1
processional	1
proclaim	1
producing	1
prof	1
professed	1
profit	1
profoundly	1
programmed	1
progressed	1
prohibited	1
projection	1
prolific	1
promote	1
promotes	1
promotion	1
promotional	1
prompted	1
prompting	1
proof	1
propaganda	1
propel	1
propelled	1
property	1
proportion	1
protect	1
proudly	1
proven	1
provider	1
provides	1
prowess	1
proximity	1
pruitt	1
pseudo	1
psychopathic	1
publicity	1
publish	1
publishing	1
puccetti	1
pulverized	1
pumping	1
punching	1
punctuate	1
pupil	1
purchase	1
purchased	1
purchasing	1
purity	1
purpose	1
pursuing	1
purtell	1
pushback	1
putback	1
puzzle	1
qualifies	1
quarterly	1
questioning	1
quickness	1
quicksilver	1
quilty	1
quirky	1
quitter	1
quitting	1
quote	1
rabbit	1
rachel	1
racial	1
racist	1
radford	1
radical	1
radically	1
radio	1
raf	1
rafter	1
raid	1
railway	1
rainbow	1
rainier	1
raise	1
rajon	1
ralph	1
ralphdrussoap	1
rambis	1
rambling	1
ramona	1
ranch	1
random	1
rap	1
raped	1
raping	1
rapping	1
rapport	1
raptorsmagic	1
raptorstoronto	1
rar	1
rash	1
rashly	1
rated	1
ratified	1
ratio	1
rational	1
rattler	1
rattling	1
raul	1
ravaged	1
raw	1
reader	1
readercenter	1
readying	1
realistic	1
realizes	1
rear	1
reared	1
reasoning	1
reassemble	1
reassure	1
reassuring	1
reatain	1
reawakening	1
rebecca	1
rebirth	1
rebounders	1
reboundspistons	1
rebuffed	1
rebuilt	1
recall	1
recalling	1
recap	1
recapture	1
recaptured	1
receives	1
recipe	1
reclaimed	1
reclaiming	1
recognizable	1
recognizes	1
recognizing	1
recommending	1
reconnecting	1
reconstruction	1
recounted	1
recruitment	1
rectangular	1
redefine	1
redemptive	1
redshirted	1
redskin	1
reductive	1
redzepi	1
reef	1
reese	1
ref	1
refining	1
reflected	1
reflecting	1
refreshing	1
refugee	1
regina	1
register	1
regroup	1
regulated	1
rehabbing	1
reichert	1
reigniting	1
reika	1
reintegration	1
reinvent	1
reinvention	1
reinvested	1
reiwa	1
rejuvenates	1
rejuvenating	1
rekindle	1
relatable	1
relating	1
relation	1
relaxing	1
releasing	1
relentlessness	1
relevance	1
relevant	1
relic	1
relicensed	1
relies	1
relieved	1
relocating	1
reluctant	1
rely	1
remake	1
removing	1
remy	1
render	1
rendering	1
rene	1
renew	1
rennia	1
rental	1
reopened	1
rep	1
repairing	1
repeating	1
repertoire	1
replacing	1
replayed	1
replete	1
reply	1
replying	1
reputation	1
requiring	1
rescinding	1
rescue	1
researcher	1
resell	1
resembled	1
resign	1
resigning	1
resist	1
resistance	1
resisted	1
resolving	1
resonance	1
resonates	1
resounding	1
respectable	1
respected	1
respectful	1
responsible	1
restore	1
restricted	1
restructure	1
restructured	1
resulted	1
resurrect	1
resurrection	1
retention	1
retires	1
reutersalthough	1
reutersberlin	1
reuterscount	1
reutersdwyane	1
reutersgeneral	1
reutershere	1
reutersjamill	1
reuterskentucky	1
reuterslarry	1
reuterssacramento	1
reuterstexas	1
reuterstokyo	1
reutersvirginia	1
reuterszion	1
rev	1
revamped	1
revelation	1
reverence	1
reverse	1
reverted	1
reviewing	1
revisited	1
reviving	1
reyna	1
rhinebeck	1
rhode	1
ribbed	1
rice	1
richard	1
richards	1
richer	1
richman	1
ricocheted	1
rid	1
ridicule	1
ridiculous	1
rieken	1
rieser	1
rightly	1
rigorous	1
rimming	1
ringo	1
rink	1
ripped	1
ripple	1
risingwarriors	1
risked	1
rita	1
ritz	1
rivalry	1
roadhouse	1
roasted	1
robbed	1
robbins	1
robot	1
rocked	1
rocketsjonah	1
rocketsrockets	1
rodolfo	1
roiled	1
roiling	1
rollin	1
romney	1
ron	1
ronald	1
ronaldo	1
ronan	1
root	1
rooted	1
rooting	1
rosa	1
roth	1
rounded	1
rounding	1
roundupby	1
rousing	1
routing	1
roy	1
royalty	1
ruizin	1
rummel	1
rumored	1
runway	1
rupture	1
ruptured	1
russel	1
russo	1
rustic	1
rutherford	1
sabonis	1
sabotaged	1
sack	1
sacrifice	1
sacrificing	1
sadie	1
sadio	1
sadly	1
sadness	1
safetwo	1
sail	1
saint	1
salted	1
salty	1
salute	1
samantha	1
sampath	1
sample	1
sampson	1
samuelson	1
sanctum	1
sandor	1
sandwich	1
sania	1
sanity	1
sapping	1
sara	1
sarah	1
sarahlin	1
sarasota	1
sartorial	1
sarver	1
satisfied	1
satisfying	1
satoransky	1
sauce	1
sausage	1
savage	1
savannah	1
savior	1
savoring	1
savrasov	1
saxon	1
scale	1
scan	1
scar	1
scarf	1
scarred	1
scheduling	1
scheff	1
schism	1
scholar	1
schoola	1
schoolbecause	1
schoolboth	1
schooler	1
schoolers	1
schoolfacing	1
schooli	1
schooling	1
schoolpain	1
schroeder	1
scoop	1
scoreby	1
scorn	1
scotch	1
scottcacciolawest	1
scotty	1
scramble	1
scrambled	1
scrappy	1
scratch	1
screenwriter	1
scrimmage	1
script	1
scroll	1
scrutinized	1
scuttled	1
seahawks	1
sean	1
sears	1
seasoned	1
seattlethe	1
secaucus	1
secondary	1
securityimmigration	1
seeding	1
seeker	1
seething	1
segment	1
seize	1
sellout	1
semantic	1
semifinalist	1
sensationalism	1
sensed	1
sentence	1
sentimentality	1
separating	1
serbian	1
serenaded	1
serjeant	1
sermon	1
server	1
serviceable	1
serviceprime	1
sett	1
settling	1
setup	1
seventeen	1
severance	1
severely	1
sewage	1
sewer	1
sewol	1
sexism	1
shabazz	1
shack	1
shaded	1
shadowy	1
shaken	1
shaky	1
shallow	1
shame	1
shannon	1
shape	1
shaping	1
sharia	1
shauntellowewest	1
shea	1
sheer	1
shelburne	1
sheltered	1
sheppard	1
shied	1
shielded	1
shined	1
shiny	1
shipe	1
shoo	1
shortcoming	1
shoutout	1
showdown	1
showered	1
showering	1
showpiece	1
shredded	1
shredding	1
shrewd	1
shuffled	1
shunned	1
shutout	1
sickness	1
sided	1
siegel	1
sighed	1
sighted	1
significance	1
significantly	1
silva	1
simeon	1
similarity	1
similarly	1
simmering	1
simpler	1
simultaneously	1
sinai	1
sincerest	1
sindarius	1
sings	1
sink	1
sinker	1
sinuous	1
sip	1
sitcom	1
sivan	1
sixty	1
skateboarder	1
skater	1
skating	1
skeptic	1
skinny	1
skintight	1
skip	1
skipped	1
sklaver	1
skotidas	1
skylar	1
skyline	1
skyscraping	1
slapped	1
slay	1
slaying	1
sledge	1
sleeping	1
sleepy	1
slender	1
slicker	1
slimmer	1
slipped	1
slipping	1
slogan	1
sluggish	1
slump	1
smartphone	1
smartphones	1
smoked	1
smokey	1
smoothly	1
smother	1
snag	1
snap	1
snazzy	1
sneaking	1
snickered	1
sniffed	1
snob	1
snowfall	1
snowflake	1
soaked	1
soaking	1
sober	1
socialization	1
socially	1
societal	1
soft	1
softening	1
softly	1
software	1
solace	1
soldier	1
sole	1
solely	1
solicitation	1
solidarity	1
solo	1
solomon	1
solution	1
solve	1
solving	1
somali	1
someday	1
sometime	1
songwriter	1
sopandebwest	1
sorted	1
sounded	1
sounding	1
soundtrack	1
soviet	1
sow	1
spa	1
spade	1
spanakopita	1
spanish	1
sparingly	1
spawned	1
speakswizards	1
specialty	1
spectacle	1
spectator	1
specter	1
speculated	1
speculative	1
speed	1
speedy	1
speights	1
spelling	1
spends	1
spied	1
spiking	1
spill	1
spilled	1
spinach	1
spinning	1
spiritually	1
spiros	1
spitting	1
splitting	1
spoil	1
spokane	1
spokeman	1
sportsbooks	1
sportswear	1
sprawling	1
sprayed	1
spread	1
springfield	1
springing	1
sprinting	1
sprout	1
spursseries	1
squabbling	1
squarely	1
squaring	1
squeaking	1
squealing	1
squeeze	1
stabbed	1
stability	1
stable	1
stack	1
staffer	1
staffing	1
staged	1
staggering	1
staircase	1
stalwart	1
standardized	1
standout	1
stanley	1
stanton	1
starbucks	1
stardom	1
stare	1
starring	1
startthis	1
starves	1
statehouse	1
stationary	1
stationed	1
statistical	1
statistically	1
stattmann	1
stature	1
stave	1
stead	1
steak	1
stealing	1
steel	1
steep	1
steeplechaser	1
steer	1
steindenver	1
steinthe	1
stella	1
stemmed	1
stephenson	1
stereotyped	1
stiffness	1
stigma	1
stillwater	1
stimulate	1
stingy	1
stitched	1
stonea	1
stool	1
storefront	1
stormy	1
stout	1
straighten	1
straightforward	1
straining	1
strangely	1
stranger	1
strapped	1
strategic	1
strategist	1
streaming	1
streetlight	1
strengthened	1
strengthmilwaukee	1
stressing	1
stretching	1
strict	1
strike	1
strikingly	1
stripe	1
strives	1
stroll	1
strongly	1
studied	1
studio	1
stun	1
stunting	1
subbed	1
subdued	1
submarine	1
submission	1
submitting	1
subplot	1
subplots	1
subset	1
subsides	1
substance	1
substantially	1
succeeded	1
successfully	1
successive	1
succumbing	1
succumbs	1
sucking	1
suffer	1
sugarcoating	1
suggesting	1
sulfur	1
sum	1
summed	1
summitt	1
sumptuous	1
sundarella	1
sundayin	1
sunderella	1
sunrise	1
sunshine	1
superdome	1
superfan	1
superfluous	1
superintendent	1
supernaturally	1
superpower	1
supersonics	1
superteam	1
supervision	1
supplementing	1
supplied	1
suppressing	1
surely	1
surf	1
surface	1
surfacingwe	1
surfing	1
surged	1
surging	1
surprisingly	1
surreal	1
surrounded	1
surroundings	1
survey	1
survive	1
suspect	1
suspend	1
suspense	1
suspicion	1
sustaining	1
swalwell	1
swapmeet	1
swarmed	1
swath	1
sway	1
swearing	1
sweating	1
sweetens	1
swell	1
swim	1
swirled	1
swished	1
switched	1
switching	1
swoosh	1
sword	1
swung	1
syd	1
symbol	1
symphony	1
symptom	1
syndicated	1
synonymous	1
syntagma	1
syracuse	1
systematic	1
taboo	1
tactical	1
tactician	1
tad	1
tagovailoa	1
tailoring	1
taipei	1
tale	1
taller	1
tallying	1
tamped	1
tanaka	1
tandem	1
tank	1
tanner	1
tapped	1
tapping	1
tar	1
targeting	1
tarik	1
tarnished	1
tarrant	1
task	1
tasteless	1
tate	1
tattered	1
tattooed	1
taurean	1
taxi	1
tayshaun	1
tbd	1
tchewa	1
techgriffin	1
technological	1
tedious	1
teen	1
teensy	1
teetering	1
teeth	1
teigen	1
telecast	1
televised	1
telltale	1
temporarily	1
temptation	1
tenacious	1
tended	1
tender	1
tentacle	1
tenth	1
termsome	1
terrance	1
terrill	1
terrorism	1
terrorist	1
terrorized	1
testicular	1
testimony	1
testiness	1
testosterone	1
tethered	1
texting	1
thanking	1
theft	1
theis	1
theoretically	1
thesteinlinewest	1
thick	1
thinner	1
thomas	1
thoracic	1
thornwell	1
thorough	1
thoroughly	1
thoughtfulness	1
thread	1
threatened	1
threshold	1
thriller	1
thrilling	1
throng	1
throttled	1
thrown	1
tibbetts	1
ticked	1
ticket	1
tidal	1
tight	1
tightening	1
tightly	1
tiki	1
tile	1
till	1
timeframe	1
timeline	1
timely	1
timesby	1
timessupported	1
timingthe	1
timofey	1
timothy	1
tinker	1
tire	1
tireless	1
tithe	1
tmz	1
tntsometimes	1
tntthe	1
tntwhat	1
todayby	1
todd	1
tolerance	1
tomas	1
tomorrow	1
ton	1
tonto	1
toothed	1
topsy	1
tornado	1
torrey	1
tortured	1
totaled	1
tottendale	1
tottenham	1
touch	1
toughest	1
toured	1
touring	1
towards	1
towel	1
towering	1
townspeople	1
toxic	1
toy	1
tracking	1
tracylouisiana	1
traditionalist	1
trae	1
tragedy	1
trait	1
trajan	1
tramp	1
trans	1
transactional	1
transcendent	1
transformational	1
transformed	1
transient	1
translate	1
transport	1
traumatic	1
trending	1
trendy	1
triathlon	1
tribal	1
trick	1
trickle	1
trimmed	1
trimming	1
tripled	1
triumphed	1
trojan	1
tropicana	1
troublesome	1
troubling	1
trunk	1
trustee	1
truszkowki	1
truth	1
tua	1
tub	1
tuba	1
tugged	1
tully	1
tumbled	1
tumbling	1
tumin	1
tune	1
tuned	1
turkish	1
turnout	1
turvy	1
tussled	1
tusten	1
tvneed	1
tweak	1
tweaked	1
tweet	1
tweeting	1
typical	1
tyreke	1
tyus	1
uber	1
uday	1
ugh	1
ugliness	1
ulnar	1
ultimate	1
ultra	1
ultraboosts	1
umm	1
ummc	1
umpire	1
unapologetically	1
unappetizing	1
unattached	1
unauthorized	1
unaware	1
unbearable	1
unbecoming	1
uncanny	1
uncertainty	1
uncharacteristically	1
uncommon	1
uncomplicated	1
unconcerned	1
unconfined	1
undefeated	1
underachiever	1
underclassman	1
undercurrent	1
undercutting	1
undergo	1
underline	1
underrated	1
understandable	1
underwhelming	1
underworld	1
undetected	1
undetermined	1
undisclosed	1
unenviable	1
uneventful	1
unfair	1
unfinished	1
unflinching	1
unfortunate	1
unfulfilling	1
unhappily	1
unheard	1
uniformly	1
uniquely	1
unity	1
universe	1
univision	1
unlisted	1
unnecessary	1
unnoticed	1
unofficially	1
unpaid	1
unplanned	1
unprecedented	1
unpredictable	1
unquestionably	1
unquote	1
unraveled	1
unrealized	1
unrelated	1
unrevealed	1
unruly	1
unscheduled	1
unsealed	1
unsupported	1
unsure	1
untested	1
unthinkable	1
unto	1
untold	1
untrue	1
unusually	1
unveiled	1
unyielding	1
updateboston	1
updated	1
upgrade	1
upgraded	1
upheld	1
uphill	1
upped	1
upping	1
upstairs	1
upward	1
urgency	1
urgently	1
usage	1
usc	1
useless	1
user	1
ushering	1
utmost	1
utsugi	1
uva	1
vacancy	1
vacated	1
vaccine	1
vacuum	1
valentina	1
valentine	1
valiantly	1
validate	1
validationby	1
vallejo	1
vanessa	1
vanished	1
variant	1
variation	1
varsity	1
vasilevskiy	1
vault	1
vehicle	1
venezuelan	1
ventilation	1
ventricular	1
verified	1
vernal	1
vernon	1
versatility	1
vestment	1
vexing	1
via	1
vibe	1
vicinity	1
victoria	1
victorious	1
vie	1
vietnam	1
viewed	1
viewerships	1
viewpoint	1
viewwhen	1
vigil	1
vigor	1
vikki	1
vikyah	1
villain	1
villanova	1
vintage	1
vinton	1
violate	1
violation	1
violenti	1
virtually	1
virus	1
visceral	1
visibly	1
visitor	1
visual	1
visualize	1
vivek	1
vocabulary	1
vocal	1
vol	1
volunteer	1
voracious	1
voted	1
vow	1
vowed	1
vowel	1
voyage	1
wac	1
wag	1
wager	1
wagnerwhen	1
waiter	1
waive	1
waking	1
walled	1
walloping	1
wallpaper	1
walter	1
wander	1
waning	1
wardell	1
warmed	1
warmth	1
warned	1
warner	1
warriorskelly	1
warriorsmarc	1
warriorsscott	1
warriorsshauntel	1
wartime	1
wasted	1
watchable	1
watchorlando	1
waterfront	1
watermark	1
watermelon	1
waved	1
wavered	1
weak	1
wealth	1
webb	1
webber	1
wedding	1
wei	1
weighing	1
weinstein	1
weird	1
weirdest	1
weirdly	1
welcomeformer	1
welcoming	1
wend	1
wendell	1
wet	1
wework	1
whaaaat	1
whats	1
whatsapp	1
whichever	1
whip	1
whiplash	1
whipping	1
whirlwind	1
whisky	1
whisper	1
whit	1
whitelabourlikudshasthe	1
whitesideafter	1
whittled	1
whoa	1
whomever	1
widened	1
wider	1
widest	1
widowmaker	1
width	1
wikileaks	1
wildfire	1
wildly	1
wilkins	1
williamstunica	1
wimp	1
wincing	1
windfall	1
wink	1
winningest	1
winsthe	1
winston	1
wipe	1
wiped	1
wiry	1
wisconsinon	1
wisdom	1
wise	1
wishers	1
withdrawal	1
withdrew	1
withheld	1
wofford	1
wolverine	1
wonder	1
wondered	1
wonderful	1
wongnathaniel	1
worker	1
wrapping	1
wrecked	1
wrenching	1
wrist	1
wrongfully	1
wyc	1
yavapai	1
yearwoodwhich	1
yeezys	1
yelled	1
yelling	1
yesteryear	1
yielded	1
yonny	1
yorker	1
yorkportland	1
youthful	1
zachary	1
zag	1
zaire	1
zaza	1
zeit	1
zeller	1
zhaire	1
zillow	1
zoe	1
zylan	1
