wood	751
master	488
one	373
time	364
major	359
golf	343
back	342
first	322
shot	317
round	311
last	293
day	292
two	278
augusta	271
year	262
hole	255
national	235
player	219
three	208
tiger	201
green	199
win	199
par	189
final	173
get	167
open	167
four	161
birdie	156
sunday	156
going	154
tournament	154
week	153
championship	152
new	152
molinari	149
world	148
lead	147
aVbyby	146
trump	145
since	144
play	142
way	139
koepka	137
victory	136
fire	133
could	131
good	131
course	130
second	130
even	127
made	126
sport	126
people	124
game	122
million	121
five	117
old	116
know	115
nicklaus	113
president	112
champion	109
make	107
well	106
state	105
title	105
bogey	104
much	104
tee	104
think	102
club	101
great	99
pga	98
got	97
jacket	97
hit	96
still	95
record	93
tour	93
behind	91
come	91
never	88
nine	88
right	86
say	86
long	85
playing	85
home	84
played	84
really	84
top	84
putt	83
lot	82
best	81
six	81
another	80
ball	80
woman	80
city	78
many	78
cup	77
left	76
little	76
ever	73
winner	73
group	72
johnson	72
next	72
place	72
see	72
take	72
thing	72
around	71
leader	71
ago	70
editing	70
british	69
finau	69
stroke	69
foot	68
golfer	68
american	67
better	67
life	67
including	66
start	66
came	65
cut	65
fifth	65
associated	64
third	64
later	63
went	63
month	62
today	62
winning	62
feel	61
jack	60
career	59
chance	59
comeback	59
finished	59
friday	58
brook	57
finish	57
mickelson	57
part	57
event	56
early	55
end	55
moment	55
scott	55
something	55
reutersaugusta	54
seven	54
tied	54
work	54
big	53
fan	53
united	53
saturday	52
thursday	52
away	51
field	51
leaderboard	51
making	51
mcilroy	51
might	51
age	50
began	50
dechambeau	50
point	50
told	50
tree	50
every	49
missed	49
reporting	49
season	49
want	49
history	48
decade	47
former	47
francesco	47
high	47
bad	46
hour	46
number	46
took	46
kind	45
los	45
official	45
weekend	45
whether	45
everyone	44
look	44
news	44
surgery	44
town	44
area	43
double	43
eight	43
set	43
show	43
amateur	42
beach	42
found	42
guy	42
house	42
may	42
put	42
thought	42
watching	42
almost	41
along	41
child	41
company	41
far	41
felt	41
car	40
change	40
drive	40
nearly	40
pressaugusta	40
trying	40
always	39
enough	39
past	39
team	39
water	39
white	39
wind	39
couple	38
injury	38
late	38
que	38
short	38
south	38
tie	38
added	37
became	37
ended	37
morning	37
public	37
reuters	37
saw	37
score	37
started	37
straight	37
without	37
york	37
le	36
probably	36
question	36
share	36
among	35
garc	35
go	35
man	35
minute	35
need	35
professional	35
service	35
anything	34
bit	34
cbs	34
done	34
front	34
known	34
least	34
spieth	34
story	34
sure	34
turn	34
watched	34
weather	34
coming	33
help	33
iron	33
let	33
name	33
pain	33
seemed	33
yet	33
getting	32
led	32
pine	32
position	32
road	32
run	32
used	32
already	31
asked	31
become	31
business	31
com	31
full	31
looked	31
move	31
side	31
yard	31
break	30
called	30
community	30
followed	30
held	30
ian	30
mcneil	30
percent	30
performance	30
personal	30
rain	30
recent	30
swing	30
though	30
twitter	30
watch	30
different	29
fairway	29
find	29
line	29
person	29
plan	29
practice	29
due	28
dustin	28
hill	28
keep	28
needed	28
outside	28
phil	28
star	28
washington	28
according	27
crowd	27
family	27
fourth	27
give	27
grand	27
hard	27
hope	27
justin	27
love	27
mile	27
moved	27
night	27
opening	27
police	27
pretty	27
rule	27
several	27
tunica	27
whose	27
within	27
able	26
article	26
building	26
close	26
else	26
expected	26
gave	26
greatest	26
however	26
mark	26
medium	26
member	26
return	26
saying	26
schauffele	26
slam	26
taking	26
turned	26
april	25
bet	25
biggest	25
despite	25
hitting	25
level	25
list	25
monday	25
post	25
room	25
series	25
someone	25
sometimes	25
stretch	25
video	25
wanted	25
art	24
attack	24
betting	24
contention	24
deal	24
dixon	24
everything	24
issue	24
kid	24
men	24
mistake	24
money	24
others	24
problem	24
ranking	24
red	24
report	24
seen	24
sixth	24
tony	24
triumph	24
tweeted	24
wife	24
afternoon	23
billion	23
casino	23
casper	23
donald	23
finally	23
fun	23
gallery	23
garcia	23
gary	23
hand	23
hazard	23
included	23
inside	23
jason	23
kept	23
knew	23
league	23
live	23
maybe	23
presidential	23
risk	23
television	23
try	23
walk	23
word	23
zone	23
california	22
contest	22
county	22
decided	22
drought	22
earlier	22
especially	22
friend	22
head	22
india	22
looking	22
matter	22
often	22
paid	22
por	22
ranked	22
rose	22
small	22
toward	22
tuesday	22
walking	22
wrote	22
ahead	21
anyone	21
bombay	21
book	21
center	21
challenge	21
charge	21
conners	21
country	21
easy	21
free	21
given	21
goal	21
ground	21
italian	21
job	21
low	21
medal	21
nothing	21
palmer	21
poulter	21
putting	21
returned	21
sam	21
showed	21
sign	21
site	21
special	21
together	21
bryson	20
certainly	20
competition	20
complete	20
del	20
difficult	20
dropped	20
eagle	20
familiar	20
figure	20
gone	20
la	20
likely	20
nike	20
opportunity	20
paul	20
putter	20
recently	20
rory	20
runner	20
security	20
shirt	20
snead	20
street	20
use	20
walked	20
working	20
zhang	20
actually	19
arnold	19
australian	19
briefly	19
brought	19
caddie	19
clear	19
court	19
cwt	19
director	19
florida	19
happy	19
hundred	19
jersey	19
law	19
lost	19
memory	19
near	19
north	19
property	19
reason	19
reporter	19
roar	19
talk	19
tom	19
using	19
waiver	19
wednesday	19
williams	19
appearance	18
appeared	18
beyond	18
broadcast	18
claim	18
daughter	18
decision	18
described	18
either	18
father	18
happen	18
harding	18
james	18
largest	18
leading	18
oosthuizen	18
owned	18
patron	18
perhaps	18
pin	18
rating	18
social	18
stage	18
tax	18
track	18
tried	18
woosnam	18
action	17
adam	17
air	17
andrew	17
angeles	17
artist	17
asset	17
black	17
britain	17
call	17
changed	17
comment	17
data	17
england	17
executive	17
fish	17
idea	17
information	17
instead	17
june	17
lake	17
living	17
local	17
lsu	17
michael	17
mind	17
miss	17
ninth	17
obviously	17
oldest	17
park	17
picked	17
pressure	17
race	17
sea	17
stood	17
success	17
summer	17
thomas	17
tigerwoods	17
version	17
volkswagen	17
wait	17
worked	17
young	17
ability	16
adding	16
adducci	16
allowed	16
america	16
announced	16
assange	16
attention	16
body	16
briefing	16
campaign	16
catch	16
china	16
control	16
cool	16
creek	16
dozen	16
earned	16
fellow	16
finishing	16
half	16
helped	16
hogan	16
middle	16
peter	16
phone	16
physical	16
posted	16
price	16
pritha	16
read	16
running	16
sarkar	16
singer	16
sort	16
spot	16
storm	16
tell	16
term	16
threesome	16
tomorrow	16
african	15
average	15
bought	15
closed	15
cost	15
dad	15
effort	15
eighth	15
fine	15
following	15
highest	15
important	15
investigation	15
jordan	15
letter	15
lived	15
longer	15
loss	15
louis	15
managed	15
momentum	15
movie	15
nytimes	15
previous	15
rahm	15
reading	15
real	15
resident	15
rest	15
rutherford	15
self	15
severity	15
sharing	15
shooting	15
soon	15
spring	15
starting	15
stay	15
tennis	15
tradition	15
view	15
watson	15
across	14
advantage	14
amy	14
answer	14
arrest	14
baseball	14
basketball	14
beat	14
belief	14
built	14
camp	14
case	14
consecutive	14
davis	14
driving	14
email	14
enjoy	14
face	14
favorite	14
gambling	14
knee	14
land	14
large	14
leg	14
liability	14
loggins	14
match	14
mean	14
meant	14
mix	14
mother	14
must	14
office	14
patrick	14
perfect	14
playoff	14
policy	14
possible	14
project	14
pull	14
remarkable	14
revenue	14
scandal	14
scene	14
shared	14
single	14
space	14
stopped	14
student	14
system	14
tennery	14
test	14
ticket	14
total	14
trade	14
twice	14
wall	14
acre	13
actor	13
ankle	13
arm	13
ashkenazy	13
athlete	13
august	13
award	13
believe	13
burning	13
canyon	13
care	13
chairman	13
check	13
date	13
development	13
doubt	13
eye	13
fact	13
failed	13
fell	13
fit	13
forecast	13
forward	13
freedom	13
fund	13
google	13
happened	13
incredible	13
interest	13
international	13
japan	13
langer	13
latest	13
lower	13
modern	13
netflix	13
network	13
odds	13
operation	13
page	13
pair	13
paradise	13
particularly	13
party	13
pebble	13
picture	13
prime	13
quite	13
result	13
rival	13
seeing	13
sergio	13
sit	13
spectator	13
struck	13
stuff	13
texas	13
thousand	13
tough	13
viewer	13
william	13
acknowledged	12
africa	12
alleva	12
approach	12
arrived	12
ask	12
bag	12
begin	12
ben	12
biennale	12
bill	12
birdied	12
bunker	12
closer	12
clubhouse	12
comfortable	12
congratulation	12
continued	12
corner	12
coverage	12
driver	12
edge	12
effect	12
ending	12
episode	12
era	12
european	12
example	12
fall	12
filled	12
firm	12
founder	12
gangnam	12
gate	12
giving	12
guilty	12
hna	12
hold	12
host	12
interview	12
joe	12
learned	12
legal	12
manager	12
manchester	12
march	12
market	12
missing	12
moving	12
named	12
nice	12
nobody	12
october	12
online	12
opened	12
overnight	12
path	12
piece	12
private	12
ran	12
reach	12
rental	12
rock	12
san	12
search	12
settled	12
similar	12
solid	12
song	12
standing	12
stanford	12
stop	12
strong	12
struggled	12
talking	12
thinking	12
toby	12
trouble	12
una	12
vehicle	12
visit	12
whole	12
xander	12
accident	11
agent	11
athletic	11
atop	11
australia	11
barely	11
base	11
bob	11
bowl	11
brand	11
broke	11
burned	11
capturing	11
caught	11
celebrating	11
coach	11
considered	11
cover	11
election	11
english	11
experience	11
expert	11
fangio	11
feeling	11
focus	11
football	11
generation	11
gold	11
government	11
hopefully	11
howell	11
huge	11
inch	11
include	11
increase	11
inspired	11
john	11
jon	11
lawyer	11
lee	11
mental	11
mets	11
nantz	11
nevada	11
obama	11
owner	11
photo	11
plenty	11
political	11
poor	11
population	11
program	11
published	11
puzzle	11
quarter	11
quickly	11
rae	11
range	11
rather	11
reached	11
received	11
rolled	11
safe	11
save	11
seem	11
slope	11
son	11
spent	11
threat	11
weight	11
writing	11
www	11
add	10
allow	10
alone	10
alongside	10
although	10
amen	10
analyst	10
anywhere	10
aware	10
barack	10
beginning	10
billy	10
brady	10
brush	10
cal	10
carry	10
cart	10
channel	10
chief	10
cleveland	10
college	10
completed	10
condition	10
confidence	10
congrats	10
council	10
definitely	10
delivered	10
faldo	10
fantastic	10
february	10
fight	10
force	10
frank	10
gene	10
general	10
greg	10
heading	10
headline	10
heart	10
higher	10
honor	10
immediately	10
july	10
knowing	10
kuchar	10
lago	10
lane	10
leave	10
light	10
link	10
location	10
losing	10
marked	10
merchandise	10
mexico	10
native	10
nba	10
northern	10
para	10
pitch	10
pleaded	10
pop	10
power	10
powerful	10
prison	10
produced	10
proud	10
provided	10
pushed	10
reed	10
required	10
ridley	10
ryder	10
school	10
scoring	10
send	10
showing	10
sight	10
slipped	10
sold	10
sound	10
statement	10
subscriber	10
super	10
thunderstorm	10
topic	10
university	10
vega	10
wildfire	10
writer	10
written	10
wrong	10
actress	9
airport	9
amazing	9
apple	9
arrested	9
attempt	9
barrow	9
based	9
bay	9
beer	9
bethpage	9
bigger	9
broken	9
brother	9
buy	9
carnoustie	9
certain	9
charles	9
chinese	9
choose	9
chris	9
committed	9
como	9
competitive	9
competitor	9
con	9
crime	9
cunningham	9
defeat	9
democrat	9
difference	9
dinner	9
disney	9
draw	9
drawing	9
drop	9
east	9
editor	9
embarrassing	9
endorsement	9
evening	9
everybody	9
except	9
exchange	9
excited	9
federal	9
finchem	9
flacco	9
form	9
fowler	9
fred	9
geography	9
golden	9
grass	9
growing	9
happening	9
hbo	9
hear	9
http	9
hurt	9
image	9
impact	9
january	9
join	9
jones	9
julian	9
kevin	9
key	9
kim	9
lacava	9
launched	9
lay	9
learn	9
luck	9
manning	9
mar	9
massive	9
matthewman	9
message	9
mike	9
music	9
musician	9
nation	9
nbc	9
onto	9
pick	9
pleased	9
popular	9
press	9
prize	9
queen	9
quick	9
raised	9
ready	9
recalled	9
recovered	9
responded	9
response	9
rice	9
route	9
sale	9
science	9
seemingly	9
seems	9
sent	9
serena	9
seventh	9
shoot	9
simpson	9
situation	9
slightly	9
soft	9
somehow	9
spain	9
sporting	9
stand	9
stayed	9
steve	9
stock	9
striking	9
sun	9
support	9
supporter	9
taken	9
teed	9
teenager	9
trailing	9
training	9
truly	9
understand	9
unlike	9
value	9
visitor	9
wiki	9
wikileaks	9
wild	9
yeah	9
younger	9
accused	8
additional	8
adler	8
admitted	8
affair	8
afterward	8
aggressive	8
amid	8
atlanta	8
authority	8
blue	8
board	8
bogeyed	8
boston	8
bounce	8
brain	8
bryant	8
build	8
cabin	8
calling	8
captured	8
carolina	8
cash	8
charged	8
chasing	8
chip	8
climate	8
confident	8
continue	8
convinced	8
cross	8
current	8
customer	8
daily	8
declined	8
defending	8
defense	8
department	8
divorce	8
drew	8
drove	8
duo	8
employee	8
enforcement	8
entered	8
entire	8
este	8
extra	8
famous	8
feature	8
financial	8
flight	8
follow	8
fox	8
future	8
geometry	8
george	8
georgia	8
golfing	8
happens	8
hardest	8
hat	8
hero	8
highway	8
hotel	8
includes	8
joined	8
journey	8
king	8
landed	8
leaving	8
lebron	8
limit	8
listen	8
lose	8
map	8
marketing	8
max	8
meet	8
memorable	8
multiple	8
muslim	8
narrow	8
normal	8
offered	8
offering	8
organization	8
painkiller	8
pay	8
penalty	8
pingue	8
plane	8
portugal	8
proven	8
pulled	8
putted	8
quake	8
quality	8
rarely	8
rate	8
referring	8
region	8
resort	8
respect	8
ride	8
role	8
safety	8
salton	8
section	8
secure	8
sell	8
sept	8
september	8
setback	8
setting	8
settle	8
sex	8
shopping	8
shortly	8
shy	8
signed	8
sleep	8
soccer	8
softened	8
staff	8
station	8
store	8
tap	8
teacher	8
technology	8
throne	8
torrey	8
tourist	8
transpired	8
unless	8
visited	8
wave	8
website	8
wheel	8
wish	8
worse	8
worth	8
wrist	8
write	8
addition	7
administration	7
agreement	7
aide	7
allegation	7
answered	7
assistant	7
attended	7
attorney	7
audience	7
available	7
balance	7
bank	7
becoming	7
behavior	7
bernhard	7
box	7
bring	7
brings	7
cable	7
caddying	7
cantlay	7
caused	7
choice	7
christian	7
circle	7
claimed	7
clinched	7
clubcorp	7
collapse	7
collecting	7
compared	7
compiled	7
computer	7
concern	7
conference	7
continues	7
correct	7
counsel	7
dangerous	7
database	7
debut	7
december	7
delay	7
democratic	7
desert	7
destroyed	7
determination	7
device	7
dispute	7
dollar	7
door	7
drama	7
dramatic	7
dream	7
ear	7
easily	7
elite	7
energy	7
enjoying	7
erin	7
error	7
exactly	7
excitement	7
exclusive	7
expect	7
federer	7
filing	7
film	7
footer	7
forest	7
france	7
frazier	7
fully	7
fusion	7
germany	7
glove	7
god	7
guard	7
handed	7
harbour	7
headed	7
hearing	7
heavy	7
highlight	7
historic	7
holding	7
hovland	7
hung	7
industry	7
involved	7
island	7
jet	7
jim	7
judge	7
kick	7
lack	7
landscape	7
laugh	7
lawsuit	7
listed	7
logo	7
loved	7
lowest	7
mantle	7
marital	7
matt	7
minister	7
minnesota	7
mississippi	7
mosley	7
mostly	7
nerve	7
nick	7
nielsen	7
no	7
note	7
noted	7
november	7
ocean	7
offer	7
oklahoma	7
older	7
omar	7
ominous	7
opinion	7
option	7
overcome	7
paired	7
patient	7
paying	7
pepperell	7
phelps	7
planning	7
please	7
pledged	7
plus	7
pond	7
pool	7
pound	7
previously	7
process	7
producer	7
professor	7
protect	7
quarterback	7
radnedge	7
reputation	7
returning	7
rich	7
rickie	7
river	7
rolling	7
rookie	7
scientist	7
senior	7
serious	7
shop	7
simple	7
sin	7
sits	7
slip	7
speaking	7
speech	7
speed	7
spend	7
spending	7
spoke	7
stronger	7
stuck	7
style	7
suspended	7
tahoe	7
terrible	7
touch	7
trading	7
trophy	7
turning	7
understanding	7
unusual	7
usually	7
vegetation	7
vice	7
wade	7
wedge	7
welcome	7
whatever	7
wisconsin	7
abe	6
achievement	6
ada	6
adjacent	6
adversity	6
agency	6
allows	6
annual	6
anti	6
apnews	6
apparently	6
arena	6
asking	6
azalea	6
baby	6
background	6
bat	6
beating	6
bid	6
birthday	6
bonus	6
bounced	6
boy	6
breaking	6
captain	6
carding	6
cedar	6
celebration	6
cell	6
central	6
century	6
chadband	6
charlie	6
cheering	6
coachella	6
combined	6
concerned	6
congratulate	6
contain	6
contract	6
contribution	6
couch	6
count	6
covered	6
cry	6
dallas	6
daly	6
damaged	6
danger	6
dark	6
deep	6
demaret	6
determined	6
died	6
diego	6
digital	6
disappointing	6
distance	6
district	6
doug	6
drawn	6
driven	6
drug	6
emotion	6
enter	6
entering	6
entertainment	6
equipment	6
expects	6
facing	6
fast	6
fedex	6
flagstick	6
flintridge	6
focused	6
foreign	6
foreman	6
francisco	6
french	6
gain	6
gained	6
garage	6
global	6
grab	6
grew	6
hall	6
hardly	6
health	6
heard	6
height	6
highly	6
homeowner	6
hoping	6
horn	6
illegal	6
imagine	6
improbable	6
indeed	6
indian	6
inning	6
interested	6
introduced	6
invitational	6
ireland	6
jennifer	6
joint	6
joked	6
journalist	6
karen	6
keeping	6
killing	6
kong	6
korea	6
korean	6
language	6
largely	6
layout	6
learning	6
liked	6
london	6
loose	6
ltd	6
lucky	6
majority	6
meaning	6
mere	6
mid	6
monahan	6
newberry	6
none	6
numerous	6
obvious	6
officer	6
order	6
packed	6
paper	6
partner	6
peninsula	6
per	6
physic	6
placed	6
plastic	6
presented	6
presenting	6
pro	6
procedure	6
produce	6
prosecutor	6
prototype	6
pulling	6
quiet	6
racing	6
rallied	6
rare	6
raw	6
relatively	6
remains	6
remembered	6
removed	6
repeat	6
representative	6
resale	6
resumed	6
roger	6
root	6
routine	6
roy	6
royal	6
sand	6
sarazen	6
scheduled	6
schwartzel	6
seat	6
sense	6
sharma	6
shown	6
slab	6
smith	6
somewhat	6
sportsbook	6
standard	6
starter	6
step	6
stephen	6
surge	6
surprise	6
suspect	6
swinging	6
tabloid	6
target	6
tear	6
teeing	6
telling	6
throughout	6
tower	6
trailer	6
train	6
typically	6
unable	6
unlikely	6
usual	6
vast	6
virginia	6
volunteer	6
waited	6
warden	6
warnock	6
wear	6
webb	6
wire	6
wonder	6
worried	6
worry	6
wound	6
writes	6
zach	6
zealand	6
aaron	5
access	5
addiction	5
advanced	5
advice	5
aired	5
airline	5
angel	5
angle	5
apart	5
appeal	5
appear	5
atmosphere	5
averaged	5
avid	5
awarded	5
awesome	5
ayer	5
battle	5
battled	5
bed	5
bedroom	5
benefit	5
bike	5
blame	5
blow	5
blowing	5
born	5
boxing	5
brexit	5
bubba	5
buddy	5
budget	5
bunch	5
butler	5
buzz	5
cabinet	5
cabrera	5
cannot	5
cap	5
cardiff	5
cause	5
census	5
cheer	5
chirkinian	5
civilian	5
class	5
cleared	5
closing	5
code	5
coffee	5
colfax	5
collapsed	5
collected	5
color	5
commissioner	5
comparison	5
completely	5
complex	5
congress	5
considering	5
contender	5
contending	5
convicted	5
corey	5
corp	5
corporate	5
craig	5
crash	5
crashed	5
created	5
criminal	5
critic	5
crouseaugusta	5
crowded	5
cuba	5
curry	5
dead	5
debate	5
decent	5
deficit	5
designed	5
destination	5
diesel	5
digest	5
direction	5
disaster	5
discus	5
displayed	5
distraction	5
document	5
drink	5
druce	5
easier	5
emerged	5
encore	5
entirely	5
environment	5
est	5
evacuation	5
eventually	5
exciting	5
exit	5
experienced	5
extradition	5
extreme	5
facebook	5
faced	5
factor	5
falling	5
fashion	5
faster	5
feat	5
featured	5
featuring	5
fla	5
flag	5
flawless	5
flew	5
flying	5
forced	5
forget	5
foundation	5
fue	5
gap	5
generally	5
gift	5
girlfriend	5
gmt	5
goat	5
golfby	5
granted	5
grit	5
grouped	5
guess	5
guide	5
halfway	5
halsey	5
hang	5
healthy	5
hell	5
holiday	5
honored	5
hopeful	5
housing	5
hug	5
human	5
husband	5
iconic	5
immelman	5
immigration	5
impressive	5
improvement	5
inaugural	5
increased	5
independent	5
innocent	5
instance	5
insurance	5
intended	5
intense	5
investment	5
israel	5
issued	5
jay	5
jerk	5
jimmy	5
journalism	5
junior	5
jupiter	5
killed	5
kiss	5
knowledge	5
laid	5
landing	5
larry	5
legally	5
literally	5
liverpool	5
loan	5
locker	5
loud	5
lyle	5
magic	5
mainly	5
manhattan	5
margin	5
marker	5
mayor	5
mentally	5
met	5
meyers	5
military	5
minor	5
minority	5
miracle	5
misstated	5
model	5
monitoring	5
monthly	5
neither	5
nelson	5
netanyahu	5
nfl	5
non	5
obstacle	5
occasionally	5
occurred	5
olazabal	5
ortiz	5
owns	5
pack	5
painful	5
palos	5
parent	5
parking	5
participate	5
peaked	5
photograph	5
physically	5
picking	5
pitcher	5
pizza	5
poll	5
pollock	5
poorly	5
popularity	5
pre	5
predicted	5
present	5
presidente	5
privacy	5
product	5
provide	5
providing	5
psychological	5
pursuit	5
questioned	5
raise	5
reaching	5
realized	5
recall	5
receive	5
recognition	5
recommendation	5
reduce	5
regulation	5
relation	5
relationship	5
release	5
released	5
remain	5
remember	5
repeatedly	5
republican	5
research	5
retired	5
revelation	5
reviewed	5
rick	5
ridge	5
rise	5
rising	5
robert	5
roll	5
ruspoli	5
sad	5
salt	5
sandwich	5
sank	5
santa	5
scale	5
scientific	5
screamed	5
seed	5
sensorvault	5
serve	5
seth	5
severe	5
shaking	5
shorter	5
shout	5
shuttle	5
signature	5
silver	5
simply	5
sitting	5
skill	5
sky	5
smart	5
smarter	5
sobre	5
sounded	5
source	5
speak	5
specifically	5
spine	5
sponsor	5
spread	5
square	5
squirrel	5
steady	5
streak	5
stride	5
structure	5
struggle	5
stutchbury	5
suddenly	5
supposed	5
surely	5
surface	5
surged	5
talked	5
tapped	5
terrain	5
thank	5
themasters	5
thick	5
throw	5
tim	5
tip	5
tommy	5
traditional	5
trailed	5
treasure	5
trevor	5
trip	5
triple	5
triumphed	5
tying	5
type	5
ultimately	5
unexpected	5
unit	5
usa	5
user	5
venue	5
verdes	5
victim	5
victor	5
voice	5
wearing	5
wilensky	5
willett	5
witness	5
worldwide	5
worst	5
yang	5
yes	5
youth	5
aVbyon	4
abc	4
accept	4
accepted	4
act	4
active	4
activity	4
adaptation	4
address	4
adidas	4
adopted	4
advocate	4
affected	4
agony	4
aircraft	4
alisha	4
alleged	4
allowing	4
altered	4
amenity	4
ana	4
analysis	4
angela	4
anniversary	4
anybody	4
apparel	4
appreciate	4
approved	4
argentina	4
arriving	4
ash	4
asilo	4
association	4
atlantic	4
attend	4
attica	4
autograph	4
automaker	4
avoid	4
babe	4
ballesteros	4
balloon	4
band	4
batting	4
bear	4
beautiful	4
belt	4
bird	4
birth	4
bitter	4
block	4
boeing	4
boost	4
border	4
borrowed	4
botham	4
brawn	4
bridge	4
bronco	4
brown	4
buckley	4
burn	4
buyer	4
buying	4
calm	4
camera	4
canadian	4
candidate	4
card	4
carded	4
cariker	4
carrying	4
casey	4
cavalier	4
celebrated	4
celebrity	4
ceo	4
ceremonial	4
challenger	4
challenging	4
chamber	4
champ	4
chant	4
charl	4
civil	4
claret	4
classic	4
clearly	4
client	4
closest	4
coast	4
collection	4
column	4
columnist	4
commercial	4
commission	4
compete	4
condo	4
conduct	4
confirmed	4
conservancy	4
consider	4
consistently	4
contributed	4
coping	4
covering	4
crack	4
craft	4
create	4
creating	4
credit	4
crenshaw	4
cricket	4
crossword	4
crown	4
cultural	4
damage	4
dame	4
danny	4
dave	4
dealer	4
defeating	4
delirious	4
demand	4
denied	4
depth	4
derdenger	4
despu	4
detail	4
die	4
dining	4
discussion	4
dominant	4
dragnet	4
draper	4
dreamed	4
dropping	4
earn	4
earth	4
ecuador	4
elected	4
eligible	4
empty	4
englishman	4
enjoyed	4
enteredtop	4
entry	4
estadounidense	4
excellence	4
expectation	4
exported	4
facility	4
fair	4
farmer	4
favor	4
festival	4
fewer	4
finding	4
fired	4
firefighter	4
firefighting	4
fist	4
fixture	4
flash	4
funny	4
gambler	4
garbage	4
glimpse	4
grace	4
grant	4
greatness	4
grin	4
grouping	4
grow	4
grown	4
growth	4
guaid	4
guest	4
handled	4
harbison	4
haridasani	4
haul	4
hawaiian	4
heavily	4
heavyweight	4
helping	4
heritage	4
herman	4
hidden	4
highlighted	4
hoisted	4
holed	4
holland	4
honest	4
hong	4
hooked	4
hot	4
hunt	4
ideal	4
identified	4
identity	4
importantly	4
impossible	4
inc	4
incident	4
increasingly	4
incredibly	4
individual	4
infidelity	4
inflicted	4
initially	4
inspiration	4
institute	4
intimidating	4
investigating	4
involving	4
isi	4
italy	4
jug	4
kanaya	4
kizzire	4
knocked	4
knox	4
kupcho	4
launch	4
launching	4
lawmaker	4
lefty	4
legend	4
length	4
liberty	4
lift	4
listening	4
litke	4
longest	4
loosen	4
lopez	4
luckily	4
lurid	4
lying	4
magical	4
magnolia	4
main	4
maintains	4
manage	4
management	4
maria	4
mass	4
mastersu	4
matched	4
matching	4
meara	4
meeting	4
melkersen	4
memorial	4
memphis	4
midway	4
migrant	4
militello	4
miller	4
mini	4
minimal	4
moon	4
mueller	4
murray	4
nadal	4
ncaa	4
nearby	4
neck	4
needle	4
noticed	4
notre	4
nowhere	4
nurse	4
occasion	4
officially	4
openb	4
openpga	4
operator	4
originally	4
outdoor	4
outstanding	4
oxford	4
palm	4
pant	4
participant	4
payout	4
penningtonaugusta	4
percentage	4
philosophy	4
planted	4
plate	4
pointed	4
poised	4
polite	4
pose	4
positive	4
possession	4
posting	4
potentially	4
poverty	4
practically	4
premiere	4
presence	4
presentation	4
prevention	4
pride	4
prior	4
priority	4
prisi	4
professionally	4
proposed	4
protection	4
proved	4
publish	4
pump	4
purchase	4
pure	4
qpr	4
qualified	4
qualifier	4
quest	4
quit	4
radar	4
rafael	4
reaction	4
reality	4
realize	4
receiving	4
reckless	4
recorded	4
recovering	4
redacted	4
refused	4
regard	4
regarding	4
register	4
regular	4
relative	4
remained	4
remove	4
replace	4
represents	4
request	4
requested	4
responsible	4
revealed	4
roared	4
rope	4
roughly	4
ruth	4
ryan	4
safely	4
sarah	4
scharf	4
schedule	4
screen	4
seattle	4
secret	4
secured	4
selling	4
semana	4
separate	4
serving	4
session	4
seungri	4
shaft	4
shift	4
shingletown	4
shoe	4
showcased	4
significant	4
signing	4
singapore	4
sink	4
skater	4
ski	4
smile	4
smiled	4
smiling	4
snapshot	4
sole	4
somewhere	4
southern	4
souvenir	4
sox	4
spin	4
spokesman	4
spotlight	4
stacked	4
stake	4
stated	4
steep	4
stepped	4
strange	4
strategy	4
streaming	4
strength	4
struggling	4
stunning	4
subject	4
subscription	4
succession	4
suggest	4
supreme	4
surprised	4
surprising	4
takumi	4
talent	4
tallest	4
tank	4
tapping	4
tech	4
telecast	4
temperature	4
ten	4
tenure	4
terrorist	4
testament	4
tested	4
theme	4
threatened	4
thrilled	4
toe	4
tokyo	4
totally	4
trail	4
travel	4
traveled	4
treatment	4
tricky	4
tunnel	4
tweet	4
twist	4
uighur	4
unfortunately	4
unique	4
various	4
venezuela	4
vertigo	4
veteran	4
via	4
voted	4
wager	4
waiting	4
wallace	4
warm	4
warrant	4
waugh	4
wayward	4
weighed	4
welshman	4
west	4
western	4
wet	4
wholly	4
wickert	4
wide	4
widely	4
withdrew	4
witnessed	4
wondering	4
worker	4
wow	4
yankee	4
yesterday	4
youngest	4
abandoned	3
academic	3
accidentally	3
accompanied	3
accuweather	3
ace	3
ache	3
achieve	3
administrative	3
advertising	3
affect	3
agree	3
agreed	3
aim	3
alan	3
albeit	3
alike	3
ally	3
amount	3
anatomical	3
announcement	3
announcer	3
annually	3
ante	3
anthony	3
anxiety	3
anymore	3
apartment	3
apply	3
approaching	3
approval	3
arrangement	3
arrive	3
artificial	3
asher	3
asian	3
aspect	3
assumed	3
attacked	3
attitude	3
automatic	3
avenatti	3
backed	3
badly	3
bail	3
balding	3
ban	3
bandwidth	3
barr	3
baseman	3
basically	3
battling	3
becomes	3
beijing	3
bending	3
besides	3
bethany	3
bettor	3
biden	3
bin	3
blamed	3
blessing	3
blew	3
bling	3
bloom	3
bobby	3
bolet	3
bomb	3
bombing	3
boot	3
bottom	3
branch	3
brave	3
brazil	3
breakfast	3
breakthrough	3
breeze	3
brief	3
bright	3
brighton	3
broadway	3
brookshire	3
brushy	3
buck	3
bureau	3
burrow	3
bus	3
butte	3
byron	3
caddied	3
caddy	3
cage	3
californian	3
callaway	3
campbell	3
canada	3
caroline	3
carried	3
cast	3
cat	3
catalli	3
catcher	3
catching	3
cathedral	3
causing	3
cautiously	3
celebrate	3
celebratory	3
cellphone	3
ceremony	3
changer	3
chaos	3
character	3
cheat	3
cheating	3
cheddar	3
cheese	3
chicago	3
chipping	3
chose	3
clad	3
claiming	3
clean	3
clearing	3
climbed	3
clipped	3
closely	3
cloud	3
clue	3
coastal	3
cohen	3
coincided	3
collaboratively	3
collapsing	3
collateral	3
colo	3
colored	3
commentator	3
communication	3
companion	3
competing	3
complicated	3
conceded	3
concession	3
concrete	3
congratulated	3
congratulatory	3
conservative	3
considers	3
consolidate	3
construction	3
consumer	3
contend	3
contended	3
contested	3
controversy	3
conviction	3
cook	3
copy	3
coveted	3
crazy	3
crept	3
crippled	3
crisis	3
crop	3
currently	3
curse	3
custom	3
cycle	3
dahlberg	3
damaging	3
dance	3
death	3
debt	3
declared	3
decline	3
decorum	3
defying	3
degree	3
delight	3
delightful	3
dell	3
denies	3
dense	3
denver	3
der	3
derailed	3
descent	3
describe	3
describing	3
deserve	3
deserves	3
designation	3
detroit	3
devastating	3
devon	3
dictionary	3
diet	3
differently	3
difficulty	3
dijo	3
diplom	3
direct	3
dirt	3
disappeared	3
disappoint	3
dish	3
dismissed	3
dive	3
diversifying	3
division	3
dominance	3
dominated	3
donation	3
donor	3
doubled	3
douglas	3
downtown	3
dumbo	3
dumped	3
earl	3
eastern	3
eastward	3
eclipsed	3
econ	3
edgewater	3
educated	3
education	3
effective	3
el	3
eleanor	3
electric	3
element	3
elephant	3
ellie	3
elsewhere	3
embargo	3
embrace	3
emission	3
emotional	3
encouragement	3
encyclopedia	3
endless	3
endorser	3
entity	3
enveloped	3
erased	3
ernie	3
errant	3
escape	3
escaped	3
espn	3
essay	3
estate	3
estimate	3
etiquette	3
evasion	3
eve	3
everywhere	3
examines	3
execution	3
exist	3
expand	3
experiment	3
explain	3
explained	3
explaining	3
explore	3
expressed	3
extend	3
extended	3
extramarital	3
extraordinary	3
failing	3
failure	3
fargo	3
farm	3
fear	3
feared	3
feed	3
female	3
fend	3
ferris	3
ferry	3
fighting	3
filed	3
filmmaker	3
finance	3
fitting	3
flame	3
flapping	3
flooded	3
flooding	3
flow	3
flowing	3
floyd	3
fly	3
food	3
foothill	3
ford	3
fortune	3
fraud	3
friedman	3
frosted	3
frustrated	3
funding	3
fuse	3
fused	3
gamble	3
gay	3
geared	3
gender	3
german	3
giant	3
glad	3
glancing	3
glass	3
glory	3
gobierno	3
governing	3
grabbed	3
grave	3
greater	3
greenbelt	3
greet	3
grind	3
gupta	3
gust	3
guyette	3
gym	3
hace	3
hagedorn	3
hallowed	3
halted	3
han	3
handling	3
hanging	3
harbor	3
harris	3
harvest	3
hasta	3
heat	3
henry	3
herbert	3
hiatus	3
hilly	3
hip	3
hire	3
homeland	3
honestly	3
hooter	3
hoped	3
horizonte	3
hottest	3
houston	3
hudson	3
hugged	3
hurry	3
hyatt	3
hydrant	3
iced	3
identifying	3
ilhan	3
imported	3
improve	3
inactivity	3
inclement	3
income	3
inconceivable	3
infielder	3
inform	3
ingl	3
injured	3
inn	3
innocence	3
insane	3
intelligence	3
interaction	3
interesting	3
internet	3
interviewed	3
investigated	3
investigator	3
invitation	3
ion	3
iowa	3
islamic	3
japanese	3
jeff	3
joining	3
jose	3
josephson	3
joshua	3
juggling	3
jump	3
justice	3
kang	3
kelly	3
ken	3
kenny	3
kitchen	3
lab	3
lance	3
landmark	3
laptop	3
larger	3
leadership	3
leak	3
lent	3
library	3
lifetime	3
lifted	3
lightning	3
lining	3
longed	3
louisiana	3
lowrie	3
ltimo	3
luis	3
magazine	3
male	3
malibu	3
malware	3
martin	3
material	3
mcclatchy	3
meanwhile	3
median	3
medical	3
melbourne	3
messi	3
mi	3
miami	3
michigan	3
mico	3
mightily	3
mindset	3
misstep	3
mitigation	3
modelo	3
monumental	3
moreno	3
moritz	3
mountain	3
mug	3
murder	3
musical	3
nadler	3
narrative	3
nature	3
navigate	3
negative	3
negligence	3
neighbor	3
neighborhood	3
net	3
nordegren	3
normally	3
norman	3
northridge	3
novel	3
offense	3
olympic	3
opener	3
operates	3
operating	3
opponent	3
otherwise	3
outcome	3
overwhelming	3
pad	3
pam	3
panic	3
paramount	3
participating	3
passed	3
passion	3
patch	3
patriot	3
patton	3
pdf	3
peak	3
pelosi	3
pencil	3
penultimate	3
perform	3
period	3
permitting	3
perspective	3
pete	3
phenom	3
phoenix	3
photographer	3
pilson	3
pimento	3
planned	3
platform	3
plea	3
podcastone	3
politics	3
popped	3
portfolio	3
portrush	3
possibility	3
potential	3
praise	3
preferred	3
premier	3
prepare	3
preproduction	3
presswashington	3
print	3
proceeded	3
profiled	3
profit	3
programmer	3
progress	3
projection	3
prolific	3
promise	3
prosecution	3
protected	3
proving	3
psychology	3
pueden	3
pulitzer	3
push	3
qatar	3
quiz	3
quizzing	3
racetrack	3
rally	3
rank	3
rape	3
raymond	3
rbc	3
react	3
reacted	3
recap	3
receipt	3
recommended	3
recovery	3
recreational	3
redemption	3
redemptive	3
reference	3
reflected	3
refreshing	3
regain	3
regent	3
regional	3
reigning	3
reilly	3
remembers	3
reminded	3
reminisced	3
rent	3
replied	3
reported	3
representing	3
responding	3
restaurant	3
restored	3
restroom	3
retirement	3
retreating	3
retrieve	3
retrieved	3
reverberated	3
review	3
richard	3
ricocheted	3
roaring	3
rocket	3
roston	3
rough	3
row	3
ruling	3
rush	3
salvage	3
sanctuary	3
sandy	3
sat	3
saved	3
saving	3
scalper	3
scientifically	3
scope	3
scorecard	3
scored	3
secrecy	3
seeking	3
sending	3
sentenced	3
seoul	3
separately	3
served	3
sexual	3
shaped	3
shifted	3
ship	3
shore	3
shut	3
sierra	3
significantly	3
silly	3
singing	3
situaci	3
size	3
skin	3
slow	3
slump	3
smack	3
society	3
soda	3
softer	3
solo	3
somber	3
sorry	3
sought	3
spark	3
specialist	3
spell	3
spinal	3
split	3
spokeswoman	3
sponsorship	3
stack	3
steely	3
stiff	3
stirring	3
stole	3
stranger	3
straw	3
streamed	3
stress	3
stumbled	3
stumbling	3
stunned	3
submission	3
submit	3
suburb	3
successful	3
successfully	3
sudden	3
sued	3
suffered	3
suggesting	3
suited	3
sunk	3
sunshine	3
superstar	3
supply	3
supporting	3
surrounded	3
surrounding	3
surveillance	3
swimmer	3
swirled	3
syria	3
table	3
tale	3
tambi	3
tampa	3
tea	3
teeth	3
telescope	3
tenant	3
thanks	3
thin	3
thrilling	3
thus	3
tico	3
tigermania	3
tight	3
titled	3
tomato	3
tonight	3
torn	3
tornado	3
tourism	3
towering	3
traffic	3
trampoline	3
trash	3
trevino	3
trial	3
tribe	3
trim	3
truck	3
trudeau	3
tumbling	3
tune	3
tweeting	3
twin	3
unemployment	3
unincorporated	3
unison	3
unlock	3
uphill	3
upon	3
upper	3
ups	3
urban	3
usga	3
utah	3
vacation	3
valentino	3
valley	3
vardon	3
varias	3
viewed	3
viewing	3
viktor	3
vindicated	3
vintage	3
visiting	3
vote	3
vrbo	3
vulnerable	3
wake	3
wanting	3
war	3
ward	3
warning	3
weekender	3
welcomed	3
welsh	3
wikipedia	3
wikiwikiweb	3
williamson	3
window	3
windy	3
xinjiang	3
yellow	3
youto	3
zero	3
zombie	3
abandoning	2
abducted	2
absence	2
absolutely	2
abundance	2
abuse	2
abused	2
abyss	2
accepting	2
accessible	2
accommodate	2
account	2
accrued	2
accumulation	2
accuracy	2
accusing	2
achieved	2
acted	2
adamantly	2
admiration	2
admission	2
admitting	2
adult	2
advance	2
adventure	2
adviser	2
affluent	2
afirm	2
afterthought	2
afterwards	2
agassi	2
aging	2
aid	2
ailment	2
aimed	2
akavi	2
alabama	2
alarm	2
alcohol	2
alexander	2
ali	2
alive	2
allen	2
alvaro	2
ambition	2
ambo	2
amok	2
amounted	2
analyzed	2
andre	2
andrei	2
andy	2
animal	2
animales	2
announce	2
antoine	2
antonio	2
anunci	2
apex	2
apologized	2
appearing	2
appears	2
applause	2
applied	2
applies	2
appreciated	2
appropriate	2
archer	2
archipelago	2
argentino	2
argue	2
argument	2
arkansas	2
array	2
asks	2
asleep	2
ass	2
assault	2
assign	2
assignment	2
assume	2
astonishing	2
astronaut	2
attending	2
attract	2
attraction	2
attribute	2
attributed	2
auction	2
audi	2
aug	2
author	2
authorized	2
auto	2
automotive	2
averaging	2
aviation	2
awed	2
axel	2
aykroyd	2
bachelorette	2
backdrop	2
bahamas	2
bahr	2
balky	2
bambino	2
banned	2
banter	2
bar	2
barackobama	2
barber	2
barren	2
barring	2
basin	2
beaming	2
beaten	2
beetle	2
beetlejuice	2
begun	2
behar	2
belgrade	2
believed	2
believing	2
belongs	2
bend	2
beneficiary	2
benfica	2
bengaluru	2
benjamin	2
bernie	2
beverage	2
beyonc	2
bharatiya	2
bilingual	2
birmingham	2
birthed	2
blast	2
blasted	2
blazing	2
blocked	2
bogeying	2
bogeykeyplayers	2
bolsonaro	2
bond	2
bookmaker	2
boom	2
booming	2
boros	2
bother	2
bothered	2
bouncing	2
bound	2
boundary	2
bounded	2
branden	2
branding	2
breakdown	2
breathed	2
breithaupt	2
brelcome	2
brewer	2
brian	2
bribe	2
brick	2
brilliant	2
brilliantly	2
bringing	2
broadcaster	2
broader	2
bruising	2
bts	2
buchmueller	2
buffkin	2
bull	2
bummed	2
bumper	2
burke	2
burst	2
bush	2
businessmen	2
byrd	2
cadillac	2
caesar	2
calaveras	2
calendar	2
calif	2
campeones	2
canary	2
cano	2
capable	2
capitalize	2
capped	2
capture	2
caramanica	2
careful	2
carroll	2
carved	2
cary	2
cashed	2
casi	2
caswell	2
catastrophe	2
caucus	2
cavalcade	2
ceiling	2
cent	2
certified	2
chain	2
chair	2
chanted	2
chapter	2
charlotte	2
chase	2
cheered	2
chelsea	2
cher	2
cherry	2
chevy	2
chewed	2
chipped	2
choi	2
christopher	2
chuckled	2
cigarette	2
circling	2
citation	2
clash	2
claude	2
cleaned	2
clemens	2
climb	2
clinic	2
clip	2
clock	2
clothing	2
coaster	2
coat	2
coffey	2
cold	2
collaborator	2
colleague	2
collect	2
collusion	2
columbus	2
combination	2
combustible	2
comedian	2
comey	2
commentary	2
commit	2
committee	2
committing	2
commodity	2
common	2
commute	2
competed	2
complain	2
complaint	2
comply	2
composer	2
compounded	2
compressed	2
concert	2
concluded	2
condemnation	2
condemned	2
confined	2
conforto	2
confused	2
conglomerate	2
congregated	2
connected	2
connection	2
considerable	2
consideration	2
consistency	2
constantly	2
constructed	2
consult	2
consultant	2
consulting	2
contact	2
contained	2
containing	2
contemporary	2
content	2
continuing	2
contra	2
controversial	2
conversation	2
coody	2
coordinator	2
corales	2
cornutt	2
correctional	2
corrupci	2
corruption	2
costa	2
costantino	2
costing	2
countryman	2
courtyard	2
cowboy	2
creates	2
crew	2
cringe	2
criticized	2
crosse	2
crossed	2
crucial	2
crumbling	2
culminated	2
culture	2
curled	2
curtain	2
cushing	2
cyclist	2
dale	2
dam	2
dan	2
dancing	2
daniel	2
darker	2
dating	2
david	2
dawn	2
dazzling	2
deadline	2
deadly	2
dealing	2
deber	2
debilitating	2
deborah	2
decoding	2
decorated	2
dedicated	2
default	2
defaulted	2
defensive	2
delayed	2
deliver	2
delkic	2
delta	2
demon	2
denying	2
departure	2
depends	2
deportes	2
derelict	2
design	2
desperately	2
despidos	2
destroying	2
destructive	2
devilish	2
diameter	2
diminutive	2
dipped	2
directed	2
disable	2
discomfort	2
discovery	2
disguise	2
dishwasher	2
dismissive	2
displaying	2
disqualified	2
disrupting	2
distress	2
distributed	2
distributing	2
ditch	2
diversion	2
diversity	2
divests	2
documented	2
dogwood	2
domestic	2
dominate	2
dominating	2
down	2
downhill	2
draft	2
drag	2
drained	2
dravid	2
drilled	2
drinking	2
drunk	2
dubbed	2
duke	2
durante	2
dust	2
dying	2
dynamic	2
eager	2
ease	2
easiest	2
eat	2
echavarria	2
echoed	2
echoing	2
economy	2
ecosistemas	2
ecuadorean	2
ecuatoriano	2
edict	2
edition	2
edoardo	2
edt	2
educate	2
eerie	2
eerily	2
eisenhower	2
elation	2
elbow	2
elderly	2
elementary	2
eleven	2
eliminate	2
eliminated	2
elimination	2
elin	2
elleithee	2
elusive	2
emancipated	2
embajada	2
embajador	2
embarked	2
embassy	2
embezzlement	2
embraced	2
emerge	2
emergency	2
emperor	2
emphatic	2
empire	2
encourage	2
encouraging	2
endeavor	2
endorsed	2
endured	2
enduring	2
enemy	2
enforced	2
engage	2
engine	2
engineering	2
engulfed	2
enlace	2
enormous	2
ensnare	2
ensure	2
entertaining	2
entre	2
environmentalist	2
epic	2
equal	2
equaled	2
equally	2
eric	2
erskine	2
erupted	2
esa	2
especies	2
espionage	2
essentially	2
esta	2
established	2
estados	2
estimated	2
evacuate	2
eventos	2
evidencia	2
exceed	2
excellent	2
excess	2
exclaimed	2
execute	2
executed	2
executing	2
exempt	2
exercise	2
exhilerating	2
exonerated	2
expense	2
explainer	2
exploration	2
exposure	2
expresidente	2
expression	2
extending	2
extraneous	2
eyed	2
facial	2
factual	2
fallen	2
fallout	2
fame	2
famed	2
famously	2
favourite	2
fbi	2
fee	2
feedback	2
feerick	2
fen	2
fighter	2
fiji	2
fill	2
filmed	2
fin	2
finale	2
firework	2
firing	2
firmly	2
fitness	2
fix	2
flair	2
flared	2
fleeing	2
flexed	2
flinched	2
flood	2
floodgate	2
floor	2
florist	2
flower	2
follower	2
footing	2
forcing	2
forestry	2
forever	2
forged	2
forgiven	2
formed	2
formidable	2
fourteen	2
fraction	2
frankly	2
fraser	2
freely	2
frenzied	2
frequently	2
fresh	2
friendly	2
friendship	2
fruit	2
fuel	2
fueron	2
funnel	2
futbolista	2
fuzzy	2
gang	2
gasped	2
gather	2
gear	2
gentle	2
gently	2
geofence	2
georgetown	2
gettable	2
ghost	2
gingerly	2
gleaming	2
glenn	2
glimmer	2
goalby	2
godfrey	2
golfed	2
gov	2
gracious	2
grappling	2
gravy	2
grazed	2
greeted	2
greeting	2
gregory	2
grounded	2
grounder	2
guarding	2
guitar	2
guldahl	2
gulf	2
gymnastics	2
habit	2
hagen	2
hail	2
hale	2
halftime	2
halo	2
handful	2
handle	2
handy	2
hannah	2
happily	2
happiness	2
harassment	2
hardscrabble	2
harmon	2
harrah	2
harry	2
harsh	2
hastings	2
hazardous	2
hazeltine	2
headingley	2
healed	2
heartburn	2
hearty	2
heathcock	2
heaven	2
helen	2
henberson	2
hey	2
hike	2
hillside	2
hoarse	2
hobbled	2
hobbling	2
hollie	2
horse	2
horton	2
hosted	2
hoteles	2
household	2
hovering	2
howard	2
hugely	2
hughes	2
humala	2
hungry	2
hunter	2
hunting	2
hurrah	2
hype	2
icon	2
identify	2
igniting	2
iii	2
illness	2
impassioned	2
implicated	2
imposed	2
imposing	2
impoverished	2
impression	2
improved	2
inappropriately	2
inbox	2
incarceration	2
indebted	2
indiana	2
indicate	2
individualsgolf	2
indocumentadas	2
infant	2
influence	2
influx	2
informed	2
initiative	2
injection	2
ink	2
insisted	2
instagram	2
installation	2
instantly	2
instinct	2
instructive	2
intensely	2
intentional	2
intentionally	2
internal	2
interprets	2
interspersed	2
intimidated	2
intrigued	2
introduce	2
introducing	2
invested	2
investigado	2
investor	2
invited	2
inviting	2
irishman	2
isabella	2
isolated	2
jacknicklaus	2
jacobson	2
jail	2
jailed	2
janata	2
jean	2
jefferson	2
jemele	2
jeopardy	2
jerde	2
jewel	2
jewish	2
jiankui	2
johnny	2
joke	2
jos	2
jovan	2
judging	2
julius	2
jung	2
kane	2
kansa	2
kaymer	2
keating	2
keiser	2
kenneth	2
kern	2
kevinmdraper	2
kevorkian	2
kicked	2
knockout	2
kocher	2
kolkata	2
kraft	2
kuczynski	2
kultida	2
kyle	2
labor	2
lakers	2
landscaping	2
languishing	2
lash	2
latter	2
laughable	2
laughter	2
laura	2
lavagna	2
laxman	2
laying	2
leaderboards	2
leaf	2
legacy	2
legalized	2
legitimate	2
leisure	2
lemond	2
lender	2
lengthened	2
lengthy	2
lesson	2
lewis	2
license	2
lifting	2
liga	2
lily	2
limb	2
limited	2
limousine	2
lincoln	2
lined	2
lineup	2
lingered	2
linked	2
lip	2
listened	2
listing	2
literal	2
llevan	2
lnfeedback	2
loaded	2
loft	2
lofted	2
lofty	2
logistics	2
logjam	2
logr	2
longevity	2
longstanding	2
longtime	2
looming	2
loses	2
lottery	2
lou	2
louder	2
louisa	2
lovely	2
lpga	2
lucrative	2
lurking	2
luv	2
lyric	2
maduro	2
magicjohnson	2
maguire	2
maiden	2
maintain	2
majorsm	2
mall	2
managing	2
mandarin	2
mandino	2
manera	2
mapa	2
marathon	2
marriage	2
martes	2
maslin	2
massachusetts	2
materialized	2
math	2
mattered	2
mattress	2
mcmanus	2
me	2
mediaadvertisement	2
medication	2
medvedev	2
melina	2
melty	2
memoir	2
menos	2
mention	2
merged	2
mess	2
metropolitan	2
middlecoff	2
midst	2
midtown	2
migrating	2
milan	2
mill	2
milton	2
miner	2
misawa	2
misma	2
mite	2
mitt	2
mixed	2
mixture	2
mize	2
mmogolf	2
mobile	2
mock	2
modernize	2
modest	2
modi	2
monster	2
montana	2
moorer	2
moral	2
motivation	2
mount	2
muchos	2
mugshot	2
munich	2
muscular	2
museum	2
muster	2
myriad	2
naciones	2
narendra	2
narrowly	2
nasa	2
nascar	2
nashville	2
nationwide	2
ndtv	2
neal	2
nefarious	2
negotiation	2
nervous	2
nervy	2
neutral	2
newcomer	2
newell	2
newfound	2
newlywed	2
newsletter	2
newsom	2
newspaper	2
nicaragua	2
nicely	2
nicknamed	2
nightclub	2
nir	2
nissen	2
nominee	2
nonfiction	2
nonprofit	2
norway	2
nose	2
notable	2
noticeable	2
nowadvertisement	2
nuance	2
nuestro	2
nw	2
obispo	2
observation	2
occasional	2
odd	2
offseason	2
offset	2
ohio	2
ollanta	2
olympics	2
ongoing	2
onu	2
operated	2
operational	2
opini	2
opposed	2
optimism	2
oracle	2
orden	2
ordered	2
organized	2
organizer	2
original	2
osmond	2
out	2
outfield	2
outfielder	2
outlay	2
outlet	2
outlier	2
outnumber	2
outplayed	2
outpouring	2
outrage	2
outright	2
outskirt	2
ovation	2
overcoming	2
oversees	2
overtake	2
pacific	2
palestinian	2
pangolines	2
panicked	2
panther	2
parallel	2
parenthesis	2
paris	2
parliament	2
participated	2
partying	2
passenger	2
passing	2
pastime	2
patience	2
patterson	2
paycheck	2
peace	2
peacefully	2
pedestrian	2
peer	2
penelope	2
pennsylvania	2
penny	2
pentagon	2
performed	2
pero	2
persona	2
peruano	2
pese	2
peyton	2
philadelphia	2
philanthropist	2
piano	2
picard	2
piden	2
pink	2
pinkett	2
pitched	2
placing	2
plagued	2
plaintiff	2
playlist	2
pod	2
podcast	2
podr	2
pointing	2
polic	2
politeness	2
politician	2
polumbo	2
popping	2
populated	2
portion	2
positioned	2
positioning	2
possibly	2
postmodernism	2
poured	2
practicing	2
prannoy	2
precarious	2
precise	2
predicting	2
prefers	2
prepared	2
preparing	2
preseason	2
presidency	2
pressed	2
pressnew	2
pressuring	2
prestigious	2
pretend	2
prevails	2
preventiva	2
preview	2
pricked	2
primarily	2
prince	2
principales	2
printer	2
pristine	2
privilege	2
procesos	2
procurement	2
production	2
prof	2
profiling	2
profoundly	2
prohibited	2
prominent	2
promising	2
prompted	2
proper	2
properly	2
prospect	2
prostitution	2
protesting	2
prove	2
pruner	2
pte	2
publishing	2
puede	2
puedes	2
pumped	2
punch	2
punto	2
pushing	2
qualifying	2
queda	2
quedaron	2
queridos	2
quien	2
quipped	2
rables	2
racecar	2
raced	2
racial	2
rahul	2
raked	2
ralph	2
ram	2
ranger	2
rated	2
raucous	2
ray	2
reader	2
realdonaldtrump	2
rebuild	2
rebula	2
reclaimed	2
reconozca	2
reconstructive	2
recordhis	2
recording	2
referred	2
refinances	2
reflecting	2
reflection	2
reflects	2
registered	2
regret	2
regularly	2
rejuvenated	2
relate	2
related	2
relegation	2
rely	2
remark	2
reminder	2
removal	2
repair	2
repay	2
repeating	2
repetition	2
replaced	2
replay	2
replicate	2
represent	2
require	2
requires	2
rerun	2
residential	2
resignation	2
resigned	2
resolve	2
respective	2
responder	2
responsibility	2
restore	2
restructuring	2
resulted	2
resulting	2
resurgence	2
retail	2
retain	2
retiring	2
retrofit	2
reutershong	2
reuterstiger	2
reuterswashington	2
revoked	2
reward	2
rewarding	2
rewrite	2
ribcage	2
richer	2
rid	2
riddled	2
righted	2
rigorous	2
rink	2
rocca	2
rode	2
rodeo	2
roller	2
roofing	2
ross	2
rudolph	2
rugged	2
ruin	2
ruining	2
ruled	2
rundown	2
russia	2
sailing	2
salgado	2
salida	2
samoan	2
sander	2
satisfied	2
satisfying	2
scaramucci	2
scary	2
scholarship	2
scooped	2
scorching	2
scoreboard	2
scramble	2
scrambling	2
scrapped	2
scratch	2
scream	2
screaming	2
scroll	2
scrutiny	2
sean	2
searched	2
secondary	2
sectores	2
seedling	2
seek	2
segment	2
seguidores	2
seized	2
selected	2
selection	2
seles	2
seller	2
seminal	2
sen	2
ser	2
serenawilliams	2
serf	2
seve	2
seychelles	2
shade	2
shadow	2
shake	2
shaky	2
shape	2
shielded	2
shine	2
shirley	2
shock	2
shortage	2
shoulder	2
shoved	2
siendo	2
silence	2
silent	2
singh	2
sinking	2
sister	2
skating	2
skeptical	2
skillful	2
skinny	2
skip	2
sl	2
slammed	2
slated	2
sleeping	2
slew	2
slice	2
slickened	2
slid	2
slide	2
slight	2
slipping	2
slowed	2
slower	2
slowly	2
slumped	2
smaller	2
smartest	2
smell	2
smoke	2
smothered	2
snapped	2
snatched	2
software	2
solution	2
somebody	2
songwriting	2
sophisticated	2
sparked	2
specific	2
spends	2
splashed	2
splendor	2
splitting	2
sportsbooks	2
spouse	2
sprawl	2
stadler	2
stagnant	2
staid	2
stall	2
standpoint	2
stare	2
staring	2
stat	2
stately	2
status	2
staubach	2
steadying	2
steal	2
steamy	2
steered	2
stewart	2
stick	2
stinging	2
stoic	2
stoppage	2
stopping	2
stormy	2
storytelling	2
strategist	2
stream	2
strictly	2
string	2
stringfellow	2
strip	2
studio	2
study	2
stumble	2
subdivision	2
submersible	2
subsequently	2
subsidiary	2
suburban	2
successive	2
successor	2
suck	2
suffer	2
suffering	2
sugar	2
suggestion	2
suisse	2
suit	2
summary	2
sunderland	2
sunny	2
superintendent	2
surnamed	2
surprisingly	2
surrogate	2
surveyed	2
survival	2
survived	2
suspected	2
sustaining	2
suv	2
swarming	2
swath	2
sweeping	2
swirling	2
swiss	2
swoosh	2
swung	2
symbol	2
tad	2
tal	2
tall	2
tanker	2
tao	2
taste	2
tasted	2
teammate	2
teamsbaseball	2
technical	2
telemundo	2
telephone	2
temporarily	2
tennessee	2
tenth	2
terminal	2
territory	2
texan	2
thai	2
thanksgiving	2
theater	2
theft	2
therefore	2
thinning	2
threshold	2
threw	2
thrill	2
throated	2
throng	2
throwing	2
thumb	2
ticas	2
ticked	2
tiempo	2
tiene	2
tienen	2
timber	2
timessupported	2
timing	2
tiny	2
tipping	2
toast	2
toddler	2
tombrady	2
tone	2
tongan	2
topography	2
topped	2
toronto	2
tortured	2
tossed	2
touched	2
toughness	2
toy	2
trademark	2
traditionally	2
trainer	2
transform	2
transformed	2
translated	2
transmission	2
transplant	2
trapped	2
tras	2
treacherous	2
treat	2
treated	2
treaty	2
trending	2
trepidation	2
tribunal	2
trio	2
true	2
trust	2
truth	2
tucked	2
turismo	2
turkey	2
tweaked	2
twenty	2
twilight	2
twister	2
ultimate	2
umbrella	2
underdog	2
understandable	2
understood	2
unethical	2
uneven	2
unidos	2
uniformed	2
union	2
unlikeliest	2
unlocked	2
uno	2
unpredictable	2
unravel	2
unreal	2
unscathed	2
unsolicited	2
unsuccessfully	2
unthinkable	2
update	2
upgrade	2
upstairs	2
us	2
ushered	2
vafadari	2
valderrama	2
valero	2
valid	2
valued	2
van	2
vanished	2
vanquish	2
variety	2
venture	2
verdict	2
verhoski	2
verse	2
vez	2
vickie	2
victorian	2
vietnam	2
viewership	2
vigorously	2
vijay	2
villain	2
visa	2
vivid	2
voting	2
vox	2
vvs	2
waffle	2
walt	2
warming	2
warner	2
warrior	2
waterfront	2
weed	2
weekday	2
weekly	2
weir	2
westwood	2
wgc	2
whale	2
wharf	2
wherever	2
whistle	2
whopping	2
wider	2
wildly	2
willing	2
willis	2
winced	2
wine	2
wing	2
withdraw	2
wofford	2
wondered	2
wonderful	2
wooded	2
wooden	2
woodland	2
wore	2
worn	2
worthy	2
wozniacki	2
wrathall	2
wrongdoing	2
yap	2
yardage	2
yielding	2
youngster	2
youtube	2
zenith	2
zoeller	2
(lp0	1
Vbyon	1
a.	1
aVaugusta	1
aVbya	1
aVbybest	1
aVbycontestsby	1
aVbydonald	1
aVbygolf	1
aVbylet	1
aVbylettera	1
aVbypor	1
aVbywealth	1
aVbywhite	1
aVdomainsan	1
aVjoyce	1
aaa	1
abandon	1
abandonaba	1
abate	1
abdication	1
abdul	1
abogado	1
abortion	1
aboveboard	1
abril	1
abrogated	1
abruptly	1
absent	1
absolute	1
absolve	1
absurd	1
abusive	1
abutting	1
academy	1
accent	1
accentuates	1
accenture	1
acceptable	1
accessory	1
accidental	1
acclimated	1
accompanying	1
accounted	1
accounting	1
accumulated	1
accumulating	1
accurately	1
accusation	1
aced	1
achieves	1
aching	1
acing	1
acknowledge	1
acknowledges	1
acl	1
acquisition	1
acquitted	1
acreage	1
acting	1
actitud	1
activate	1
activos	1
actual	1
acusado	1
adamant	1
adamson	1
adhesi	1
adjust	1
adjustment	1
admire	1
adoptar	1
adorned	1
adrenaline	1
adrienne	1
adrift	1
adulterer	1
advancement	1
advertise	1
advised	1
affectionately	1
affirmation	1
affliated	1
afro	1
agenda	1
agentes	1
aggressively	1
agonizes	1
agosto	1
agrees	1
agricultural	1
agujero	1
agujeros	1
ahh	1
ahinger	1
aided	1
aileen	1
aimee	1
aiming	1
airbnb	1
airbnbs	1
airliner	1
airspace	1
airstrikes	1
akihito	1
akin	1
ala	1
alamo	1
alarmed	1
alarming	1
alberta	1
alberto	1
albion	1
album	1
aldiniti	1
alejandro	1
alem	1
alex	1
alexandria	1
alexis	1
algae	1
algarve	1
alguien	1
alguna	1
algunos	1
alice	1
alignment	1
alishathank	1
alison	1
allegedly	1
alleviate	1
alley	1
allied	1
alligator	1
allison	1
alliteration	1
alma	1
alright	1
alta	1
amazon	1
ambassador	1
ambientes	1
ambulance	1
ambush	1
amenazados	1
amex	1
amigo	1
amor	1
ample	1
amritsar	1
amusement	1
amusing	1
analizar	1
analytics	1
analyze	1
anantharaman	1
anchor	1
ancient	1
andalusia	1
andres	1
andretti	1
anesthetist	1
anew	1
anexar	1
angeliki	1
angioplasty	1
angling	1
angora	1
angry	1
anicas	1
anil	1
ankylosing	1
anniston	1
announces	1
announcing	1
anomalous	1
anonymity	1
anterior	1
anticipate	1
anticipated	1
anticipatory	1
antique	1
anxious	1
anytime	1
anyway	1
aomori	1
apagones	1
apasionada	1
apathy	1
apelar	1
apetito	1
apiece	1
apocalyptic	1
apollo	1
apologizing	1
appalled	1
apparent	1
appealing	1
appease	1
appetite	1
applaud	1
applauded	1
applauding	1
applicable	1
application	1
appreciating	1
appreciative	1
apprentice	1
approached	1
appropriately	1
approve	1
approximately	1
aprietan	1
apron	1
apt	1
aqu	1
araujo	1
arbiter	1
arby	1
arc	1
architect	1
archly	1
arduous	1
argued	1
ariana	1
arises	1
aristocracy	1
arizona	1
armchair	1
armed	1
armstrongport	1
arrears	1
arrecife	1
arresto	1
artwork	1
arwen	1
ascended	1
ascending	1
ascent	1
asia	1
aside	1
asphalt	1
aspired	1
assad	1
assaulting	1
assembled	1
assemblyman	1
asserted	1
asserts	1
assessed	1
assessment	1
associate	1
assumption	1
astounding	1
astr	1
astray	1
astro	1
astronomer	1
asylum	1
atentado	1
athletics	1
atmospheric	1
atp	1
attached	1
attendant	1
attendee	1
attends	1
attracting	1
attractive	1
attracts	1
audible	1
aumento	1
aunque	1
aura	1
aussie	1
austin	1
authoritative	1
autographed	1
automobile	1
autoridades	1
avoided	1
avoiding	1
avoids	1
await	1
awaiting	1
awaits	1
awarding	1
awe	1
awful	1
awkward	1
awkwardness	1
azote	1
backbeat	1
backing	1
backpedaled	1
backswing	1
backup	1
backwards	1
bacon	1
badass	1
badge	1
bagel	1
baggage	1
baggy	1
bagh	1
bal	1
ballast	1
baltimore	1
balu	1
bandleader	1
barb	1
barbara	1
barcelona	1
bargaining	1
barked	1
barrage	1
barrera	1
barry	1
basement	1
bashar	1
bashir	1
basic	1
basis	1
basked	1
batter	1
battlelost	1
bbc	1
bct	1
beachfront	1
beam	1
beauty	1
bedeviled	1
beefy	1
bega	1
behalf	1
behave	1
behaves	1
beirut	1
beleaguered	1
believable	1
believer	1
bellerive	1
bello	1
belonged	1
belonging	1
beloved	1
beneath	1
benefited	1
benign	1
benjam	1
benos	1
bent	1
bequeathed	1
berkshire	1
bernadette	1
beside	1
bestow	1
bestowed	1
betonline	1
betray	1
betrayed	1
bevacqua	1
bevin	1
bible	1
biennial	1
bienvenido	1
bigbang	1
biggie	1
billing	1
billups	1
biodiversidad	1
biography	1
birdieing	1
birthplace	1
bizarre	1
blabbing	1
blackberry	1
blackwolf	1
blade	1
blanco	1
blanket	1
blanqueamiento	1
blaze	1
blazer	1
bless	1
blessed	1
blinder	1
bloc	1
blog	1
blond	1
blood	1
bloodthirsty	1
bloqueo	1
blossom	1
blotch	1
bluegrass	1
blurted	1
blustery	1
bnk	1
bode	1
bodine	1
bogdanovich	1
boggs	1
bohemian	1
bokeem	1
bold	1
bollinger	1
bomber	1
bonanza	1
bonded	1
booker	1
booking	1
boondoggle	1
boosted	1
booster	1
boosting	1
booth	1
boothhere	1
boris	1
bornthe	1
bosch	1
bothering	1
bottomed	1
boudetterocked	1
bourdain	1
bout	1
bowed	1
bowled	1
bowling	1
boycott	1
brace	1
brad	1
braking	1
branded	1
brash	1
brasile	1
brauer	1
bravely	1
bravest	1
brawl	1
brazile	1
breach	1
breached	1
breaching	1
breadth	1
breath	1
breathing	1
breathtaking	1
bred	1
breed	1
breeder	1
brent	1
brewing	1
bribery	1
bribing	1
briefed	1
brighter	1
briskly	1
bristle	1
bristling	1
briton	1
broad	1
brooklyn	1
bros	1
browse	1
brunnstrom	1
brutal	1
bubble	1
buccaneer	1
bucket	1
bucketing	1
buckling	1
budgetary	1
buff	1
buffalo	1
buffed	1
bug	1
bugge	1
buildup	1
bulbous	1
bulge	1
bulked	1
bulldozer	1
bumbled	1
bump	1
bumping	1
bunched	1
bundesliga	1
buoyed	1
burner	1
burnish	1
burnley	1
burnsville	1
bursting	1
busier	1
busiest	1
businesspeople	1
busy	1
buttigieg	1
byby	1
byphotographs	1
byproduct	1
cactus	1
cada	1
caer	1
cafeteria	1
calculate	1
calculated	1
calculating	1
calculation	1
caldron	1
calific	1
calificaron	1
caliphate	1
calmly	1
camaraderie	1
cambiando	1
cambio	1
camel	1
cameron	1
camino	1
camouflage	1
camping	1
campus	1
canceled	1
cancellation	1
cancer	1
candidacy	1
candidatura	1
canopy	1
cantankerous	1
cantidad	1
canton	1
canuelas	1
capital	1
capitol	1
capleton	1
capriati	1
capt	1
captaincy	1
captaron	1
caption	1
caput	1
caracteriza	1
caracterizados	1
carbon	1
cardigan	1
cardinal	1
carefully	1
careless	1
carfax	1
cargamento	1
cargo	1
carmelo	1
carnegie	1
carriage	1
carted	1
casady	1
cascading	1
casual	1
casually	1
catarina	1
catastrophic	1
catholic	1
cathy	1
caucasian	1
caulfield	1
caution	1
cautionary	1
cautious	1
cave	1
cd	1
celebrant	1
cellar	1
celltrion	1
cement	1
cemented	1
cementing	1
centre	1
centric	1
centurythe	1
certificate	1
challenged	1
championshiphe	1
chaparral	1
charismatic	1
charitable	1
charity	1
charm	1
charred	1
charter	1
chased	1
chauncey	1
chavista	1
cheadle	1
cheap	1
checked	1
checking	1
cheerful	1
cheery	1
cheez	1
chelios	1
chemical	1
cheney	1
cherished	1
chess	1
chewing	1
childish	1
childlike	1
chilling	1
chippy	1
chiropractic	1
chiropractor	1
chirped	1
chizu	1
cho	1
chocolate	1
choking	1
chop	1
chosen	1
christhank	1
christmas	1
chronic	1
chubb	1
chuck	1
chugging	1
church	1
churning	1
ciencia	1
cient	1
cil	1
cilmente	1
cinco	1
cincuenta	1
cindy	1
cink	1
circulated	1
circulating	1
circumstance	1
circus	1
cisjordania	1
cited	1
citing	1
citizen	1
citywide	1
civility	1
civilization	1
claimant	1
clamor	1
clarification	1
clarified	1
clarkson	1
clasificados	1
classical	1
classically	1
classroom	1
clattered	1
claw	1
cleanup	1
cleat	1
cliburn	1
click	1
clicking	1
cliff	1
clim	1
climactic	1
climbing	1
clinton	1
closure	1
clung	1
clunked	1
clutter	1
cnn	1
coaching	1
coalici	1
coalition	1
coastline	1
cobb	1
cocked	1
cocking	1
colapso	1
colder	1
collaboration	1
collectible	1
collegiate	1
collegiately	1
collided	1
collision	1
colluded	1
colluding	1
colonial	1
colony	1
colorado	1
colorful	1
columnistalthough	1
colusi	1
combat	1
combine	1
comcast	1
comebackwoods	1
comedy	1
coment	1
comentario	1
comercio	1
comfortably	1
comfy	1
comhbo	1
comic	1
command	1
commanded	1
commandeered	1
commander	1
commanding	1
commemorating	1
commentating	1
commenting	1
commitment	1
commonly	1
commuting	1
comparable	1
compare	1
compartir	1
compatriot	1
compelled	1
compelling	1
compensation	1
compiles	1
complacent	1
complained	1
completes	1
completing	1
completion	1
compliance	1
complying	1
composed	1
composition	1
composure	1
comprehending	1
comptroller	1
comunicado	1
comunismo	1
concealed	1
concede	1
conceding	1
concentrated	1
concentrating	1
concentration	1
concernsthe	1
conclude	1
concoction	1
condena	1
conditioning	1
condominium	1
conducted	1
confederate	1
confidential	1
confidently	1
confirmation	1
confound	1
congelada	1
congressional	1
congressman	1
congresswoman	1
conjoined	1
conjure	1
connect	1
connecticut	1
connecting	1
connectionsbesides	1
connectiontiger	1
connell	1
connors	1
conocimiento	1
consecutivo	1
conseguir	1
consejo	1
consensus	1
conservacionistas	1
consisted	1
consistent	1
conspiracy	1
conspiring	1
constant	1
constructing	1
constructora	1
consultancy	1
consumed	1
consuming	1
consumo	1
consumption	1
contains	1
contends	1
conteo	1
contestant	1
context	1
contexto	1
conti	1
contour	1
contractor	1
contractually	1
contrast	1
contrataci	1
contributor	1
controlled	1
controlling	1
convenciones	1
convenience	1
conveniently	1
convert	1
converted	1
converting	1
convertir	1
convierte	1
convincing	1
convivencia	1
cooked	1
cooled	1
cooney	1
cooperate	1
cooperated	1
coordinating	1
coordination	1
cop	1
copine	1
coral	1
core	1
cornerback	1
coronation	1
corporation	1
correcci	1
correctly	1
corrects	1
corroborated	1
corrupting	1
corsage	1
cortisone	1
corvette	1
cory	1
cosmos	1
coster	1
costly	1
cotton	1
counselor	1
counted	1
counterbalance	1
countered	1
counterpart	1
countless	1
countrypopulation	1
countryside	1
coup	1
courageously	1
courtney	1
cousin	1
cow	1
cowed	1
cox	1
cracked	1
cradling	1
cranny	1
crashing	1
creative	1
creator	1
credential	1
credibility	1
creditcreditalex	1
creditcreditdoug	1
credited	1
creditor	1
creen	1
crested	1
cresting	1
crier	1
cristiano	1
critical	1
criticism	1
criticize	1
cropped	1
crosswalk	1
crousetony	1
crow	1
crucible	1
cruel	1
cruise	1
cruising	1
crumb	1
crushed	1
crystal	1
ctrico	1
cual	1
cualquier	1
cuando	1
cuartos	1
cuello	1
cuenta	1
cuentan	1
cuentas	1
cula	1
culos	1
cumulative	1
curate	1
curbing	1
currency	1
curtis	1
curve	1
curved	1
cute	1
cutting	1
cuttwo	1
cynthia	1
cyrus	1
dagger	1
damned	1
dang	1
dangerously	1
dangerpopulation	1
danielle	1
dare	1
darkest	1
darte	1
daunting	1
db	1
deaf	1
dealt	1
dear	1
dearly	1
deb	1
debated	1
debauchery	1
debe	1
debit	1
debra	1
debris	1
debunked	1
debuted	1
debuteddie	1
dec	1
decal	1
decay	1
decaying	1
decibel	1
decide	1
decipher	1
decirle	1
decisi	1
decisive	1
deck	1
decked	1
declar	1
declaration	1
declaring	1
declining	1
declive	1
decreased	1
dedicadas	1
dedication	1
deepest	1
deer	1
defamation	1
defeated	1
defect	1
defend	1
defendant	1
defended	1
defender	1
defensible	1
defiance	1
defiant	1
defiantly	1
define	1
defined	1
defines	1
defining	1
deflating	1
deflected	1
deformed	1
defrauding	1
deft	1
deftly	1
defy	1
deja	1
dejado	1
dejectedly	1
delivering	1
delved	1
dem	1
demanded	1
demanding	1
demise	1
demo	1
democracy	1
demographic	1
demolished	1
demony	1
demoralized	1
demuestra	1
demurred	1
denial	1
dening	1
dented	1
dependent	1
depending	1
depleting	1
depressed	1
depressing	1
deputy	1
derail	1
deranged	1
derived	1
desarrollarse	1
desbloquear	1
describes	1
description	1
desde	1
deserved	1
designated	1
designing	1
desktop	1
desolate	1
despedida	1
desperate	1
desperation	1
despiertan	1
despotricar	1
destac	1
destined	1
destiny	1
destrabar	1
destreza	1
destri	1
destroy	1
destroyer	1
detached	1
detailed	1
detained	1
detect	1
detenci	1
detenido	1
deter	1
deteriorated	1
determining	1
deterred	1
detienen	1
detour	1
detr	1
detractor	1
deutschman	1
devastation	1
develop	1
developing	1
devilishly	1
devising	1
devoted	1
dew	1
diagnose	1
diagnosed	1
dialed	1
dialled	1
diamond	1
diario	1
diaz	1
dicey	1
dick	1
dicus	1
diez	1
dif	1
digit	1
dijeron	1
dimarco	1
diminished	1
diner	1
dip	1
direcci	1
directiva	1
directly	1
dirk	1
dirtbag	1
disability	1
disabled	1
disappointed	1
disappointment	1
disarcina	1
disbanded	1
disc	1
discipline	1
disclosed	1
discount	1
discrimination	1
discussed	1
discutir	1
disdain	1
disease	1
disliked	1
dislocated	1
dislocating	1
disorder	1
disorderly	1
disparaging	1
display	1
disproportionately	1
disputa	1
disputed	1
disregard	1
disrepute	1
disruption	1
dissolved	1
distinct	1
distinctive	1
distinctly	1
distract	1
distracted	1
distressing	1
distrust	1
dithered	1
dived	1
diversas	1
diverse	1
diversos	1
divide	1
diving	1
divorced	1
divot	1
divotstiger	1
divulge	1
dizzying	1
dna	1
do	1
doctor	1
documentary	1
dodger	1
dog	1
dogged	1
dogu	1
dole	1
dolla	1
dolphin	1
domain	1
dominic	1
donde	1
donna	1
donning	1
doomed	1
dormant	1
doubter	1
dow	1
downfall	1
downpour	1
downside	1
downslope	1
drafted	1
drain	1
dramatically	1
drape	1
drapera	1
draperthrough	1
dread	1
dreading	1
dreamer	1
dreary	1
drenched	1
dressed	1
dried	1
drowned	1
dry	1
dryer	1
dual	1
duane	1
dubai	1
dubious	1
ducked	1
dud	1
duluth	1
dune	1
dunked	1
dunking	1
durkin	1
dusk	1
dusty	1
dwayne	1
dweller	1
dwelling	1
dxagency	1
eagerly	1
eaglebirdiebogeydouble	1
earliest	1
earnhardt	1
earning	1
earnings	1
earthquake	1
earthwork	1
easter	1
eaten	1
eatery	1
eating	1
eats	1
eaves	1
ebay	1
echelon	1
eclesi	1
eclipsing	1
econom	1
economic	1
economical	1
economista	1
ecosystem	1
ecstatic	1
eddie	1
edged	1
edible	1
edici	1
edificio	1
edison	1
editorial	1
edmonton	1
educator	1
edward	1
edwin	1
effectively	1
efficient	1
effortless	1
egg	1
ego	1
egypt	1
eldorado	1
elecci	1
electoral	1
electrical	1
electricity	1
electrified	1
electrifying	1
electronics	1
elevated	1
elevating	1
elevation	1
elisabeth	1
ella	1
ellas	1
ellos	1
elway	1
emailed	1
embarrassed	1
embedded	1
embellished	1
emboldened	1
embossed	1
embracing	1
emergence	1
emerging	1
emiliano	1
emma	1
emoji	1
empezaron	1
emphasis	1
empleaban	1
empleados	1
employ	1
employed	1
employer	1
employment	1
empresas	1
emptive	1
emulate	1
enabled	1
encargado	1
encest	1
enchanted	1
encontradas	1
encouraged	1
endearing	1
enemigos	1
energized	1
enervated	1
enforceable	1
enfrentan	1
enhance	1
enhanced	1
enjoyment	1
enjoys	1
enlightened	1
enlist	1
enlisting	1
ensemble	1
ensue	1
ensuing	1
ensuring	1
entendre	1
enterprise	1
enterprising	1
enters	1
enthralled	1
enthusiasm	1
entrar	1
enviable	1
environmental	1
envision	1
episodios	1
epitomized	1
epshteyn	1
equaling	1
equaliser	1
equalling	1
equating	1
equipo	1
equipos	1
equipped	1
equivalent	1
erica	1
erie	1
eroded	1
escalate	1
escamados	1
escamas	1
escapa	1
escaping	1
escr	1
escritor	1
ese	1
espa	1
essence	1
essential	1
estaba	1
estaban	1
establishment	1
estar	1
estrellas	1
estudio	1
estuvo	1
ethicist	1
ethiopian	1
euphoric	1
euro	1
euromonitor	1
europe	1
evacuated	1
evaluation	1
evander	1
evenly	1
eventful	1
everlasting	1
everyday	1
everyman	1
evidence	1
evoked	1
exacerbated	1
exacted	1
exaggeration	1
exalted	1
exception	1
excerpt	1
excesiva	1
excessive	1
exchanged	1
excruciating	1
exculpatory	1
exembajadora	1
exempted	1
exemption	1
exhibit	1
exilio	1
existed	1
existen	1
existing	1
exists	1
exiting	1
exjugador	1
exministro	1
exotic	1
expansion	1
expecting	1
expensive	1
experiencing	1
experiential	1
expertise	1
explains	1
explanation	1
exploded	1
exploit	1
exploitative	1
explored	1
explores	1
explosion	1
explosive	1
export	1
expose	1
exposing	1
expresidentes	1
express	1
exquisitely	1
exsisted	1
extension	1
external	1
extraditado	1
extragrieta	1
exvicepresidente	1
eyelid	1
eyewitness	1
fabric	1
facade	1
facilitates	1
facto	1
factset	1
fade	1
fading	1
fairly	1
fairness	1
fairy	1
fairytale	1
faith	1
falcon	1
fallido	1
fallon	1
faltered	1
familiares	1
familiarity	1
fanatic	1
fantasized	1
fantasy	1
faraway	1
fared	1
farhad	1
fashioned	1
fat	1
favorable	1
favored	1
faxon	1
fazed	1
fearlessly	1
feast	1
feb	1
fedexcup	1
feeding	1
felony	1
feminist	1
fenway	1
ferguson	1
ferocious	1
feros	1
ferrari	1
ferrying	1
fescue	1
festering	1
fetch	1
fetched	1
fete	1
fettle	1
fever	1
fewest	1
ficci	1
fico	1
ficos	1
fidrych	1
fielder	1
fielding	1
fignon	1
figured	1
figuring	1
file	1
filling	1
filming	1
filmography	1
filter	1
finalist	1
finalized	1
financially	1
finesse	1
finishearlier	1
finisher	1
firestone	1
firestorm	1
fishing	1
fittest	1
fitzpatrick	1
fiving	1
fixated	1
flashed	1
flawlessly	1
flecked	1
fled	1
fledgling	1
flee	1
flip	1
flipped	1
float	1
floating	1
floodplain	1
flop	1
floral	1
flourished	1
fluctuating	1
flummoxed	1
flyer	1
focusing	1
foible	1
fold	1
folded	1
folk	1
follows	1
folly	1
foment	1
fond	1
fondo	1
fool	1
fooled	1
foolhardy	1
foolishly	1
footage	1
footloose	1
footwear	1
foray	1
forbidden	1
forceful	1
forecaster	1
forecasting	1
foremost	1
forested	1
forethought	1
foreword	1
forgotten	1
formative	1
formula	1
fort	1
fortitude	1
fortunately	1
forzado	1
fought	1
foul	1
founded	1
founding	1
fountain	1
fracture	1
fragility	1
francis	1
francobuen	1
franklin	1
freed	1
freeda	1
freeing	1
freelancer	1
freeway	1
freight	1
frequent	1
friedmanopinion	1
friendliest	1
frightening	1
fuelbreak	1
fueled	1
fuera	1
fuerte	1
fuerza	1
fuerzas	1
fujimori	1
fundador	1
funded	1
funeral	1
funneling	1
furlong	1
fuselage	1
fuss	1
futile	1
gab	1
gabriella	1
gaffe	1
gag	1
gaggle	1
gaining	1
galloway	1
gallup	1
galvanizing	1
gambino	1
gamely	1
gamer	1
gaming	1
gan	1
ganado	1
garden	1
garland	1
garnered	1
garry	1
gas	1
gated	1
gateway	1
gathered	1
gathering	1
gatos	1
gaudy	1
gauge	1
gauged	1
gavin	1
gaze	1
gazed	1
gctigertracker	1
geezer	1
gehrig	1
generate	1
generated	1
generates	1
generating	1
generous	1
genesis	1
genius	1
genteel	1
gentrifying	1
genuinely	1
geographical	1
getty	1
ghb	1
gicamente	1
giddish	1
gifs	1
giggle	1
gilded	1
gillette	1
gimme	1
giovanni	1
giuffre	1
giuliani	1
giveaway	1
glamis	1
glance	1
glaring	1
glaringly	1
gleefully	1
glen	1
glitziest	1
globally	1
glow	1
glute	1
goatee	1
gobble	1
goer	1
gol	1
goldbelly	1
golfshopplus	1
gonna	1
goodfellas	1
gop	1
gorgeous	1
gosh	1
gotta	1
gotten	1
govern	1
grabaciones	1
grabbing	1
gracias	1
grade	1
graduate	1
graduation	1
graf	1
graffiti	1
gran	1
grandchild	1
grande	1
grandes	1
grandest	1
grandmaster	1
grandson	1
grape	1
graphic	1
grateful	1
gravitacional	1
gray	1
graying	1
graze	1
greatly	1
greedy	1
greenbombay	1
greenpnyt	1
greensboro	1
greller	1
greyhound	1
gridlock	1
gridlocked	1
grillo	1
grimaced	1
grinder	1
grinned	1
grip	1
gritty	1
groan	1
grocery	1
grueling	1
grupo	1
guarantee	1
guaranteeing	1
guarded	1
guardian	1
guatemalteco	1
guideline	1
guild	1
guptagood	1
guru	1
gushed	1
gusting	1
gusto	1
gut	1
gyrated	1
gyrating	1
haber	1
habermanwashington	1
haberny	1
haberse	1
habitable	1
habitat	1
habla	1
hable	1
habr	1
hacer	1
hacerlo	1
hacernos	1
hacia	1
hack	1
hacker	1
hago	1
hahn	1
haikou	1
halt	1
hamlet	1
hampshire	1
handedly	1
handicap	1
handshake	1
handwritten	1
haotong	1
har	1
harder	1
hardik	1
harold	1
harrod	1
harrowing	1
harvard	1
hasegawa	1
hassan	1
hatchback	1
hate	1
hated	1
hathaway	1
hatton	1
haunted	1
havana	1
havoc	1
hawker	1
hay	1
haze	1
hazy	1
healthier	1
hearse	1
heartache	1
heartbreakingly	1
heather	1
heating	1
heatley	1
heavey	1
heeled	1
heirloom	1
hello	1
helmet	1
helpful	1
helplessly	1
henderson	1
henrik	1
heralded	1
herder	1
hernia	1
herzwuran	1
hesitant	1
hewed	1
hews	1
heyday	1
hgtv	1
hide	1
hieronymous	1
highlife	1
highlighting	1
hijacked	1
hilariously	1
hilary	1
hillsnow	1
hindsight	1
hingis	1
hipster	1
hist	1
historia	1
historias	1
historically	1
historytoday	1
hither	1
hito	1
hitter	1
hizo	1
ho	1
hoard	1
hoarded	1
hobble	1
hobby	1
hobson	1
hockey	1
hodgepodge	1
holder	1
hollywood	1
holmes	1
holy	1
holyfield	1
hombre	1
homer	1
hometown	1
hone	1
honesty	1
honolulu	1
honorable	1
honorary	1
honoring	1
hook	1
hopeless	1
hopping	1
hora	1
hordell	1
horizon	1
hormigueros	1
horror	1
horschel	1
horseshoe	1
hospital	1
hospitales	1
hostile	1
hotelier	1
hotspot	1
hourfour	1
housewife	1
hove	1
howerton	1
hoy	1
html	1
hub	1
hubo	1
huddle	1
huellas	1
huffman	1
hugging	1
hugh	1
hugo	1
huguenot	1
humanidad	1
humanitarian	1
hump	1
husky	1
hut	1
hydrated	1
hygiene	1
hyun	1
ice	1
ichiro	1
idiosyncratic	1
idle	1
idol	1
ign	1
ignite	1
ignition	1
ignominy	1
ignore	1
ignored	1
igual	1
iguaran	1
ilegal	1
ilegalmente	1
illegally	1
illicitly	1
imagen	1
imbued	1
immediate	1
immense	1
imminent	1
immortal	1
immune	1
impactful	1
impart	1
impeccable	1
impensable	1
imperial	1
impervious	1
impide	1
implementing	1
implies	1
importance	1
impractical	1
impress	1
impressed	1
imprisoned	1
improperly	1
in	1
incapacitate	1
incarcerated	1
incautaci	1
incendiary	1
incendios	1
incentive	1
inclusion	1
incorporate	1
incorrectly	1
increasing	1
incredulous	1
incrementally	1
incurred	1
ind	1
indefinido	1
indelible	1
indemnifies	1
independence	1
indica	1
indication	1
indicted	1
indictment	1
indigestion	1
indio	1
indispensable	1
indonesia	1
indoor	1
inducing	1
industrial	1
industriales	1
inevitability	1
inexorably	1
infamous	1
infectious	1
inferno	1
inflames	1
inflammatory	1
inflated	1
inflation	1
informal	1
informational	1
infrastructure	1
infusion	1
ingrained	1
ingredient	1
inhospitable	1
iniciado	1
inicios	1
inimitable	1
initial	1
injure	1
inkling	1
inmate	1
inmigrantes	1
inner	1
innovation	1
inquiring	1
inquiry	1
inserting	1
insider	1
insistence	1
insists	1
inspecting	1
inspection	1
inspirational	1
inspiring	1
instagrammers	1
installed	1
installing	1
instant	1
instinet	1
instruction	1
instrumental	1
insurer	1
intake	1
integrate	1
intellectual	1
intent	1
interactive	1
interceptado	1
interchange	1
interestelares	1
interface	1
interior	1
intermitentes	1
internacionales	1
interpretation	1
interpreter	1
interrupci	1
interrupted	1
intersection	1
interstate	1
intervention	1
intimately	1
intimidate	1
intimidation	1
intricacy	1
intriguing	1
introduction	1
inundaciones	1
invest	1
investigaci	1
investigates	1
investing	1
invincible	1
invitados	1
invite	1
invoking	1
ipad	1
iphone	1
iranian	1
irked	1
irregularity	1
irrespective	1
irresponsible	1
irritate	1
irritating	1
irwin	1
isaac	1
isla	1
israeli	1
itching	1
item	1
iteration	1
jabbar	1
jacketed	1
jackman	1
jacksonville	1
jae	1
jaima	1
jair	1
jallianwala	1
jam	1
jarring	1
javier	1
jaywalking	1
jazz	1
jealous	1
jed	1
jeongmin	1
jerrold	1
jerusalem	1
jessica	1
jest	1
jew	1
jewelry	1
jibe	1
jinx	1
jiyai	1
jockey	1
jody	1
joey	1
jolt	1
jong	1
joon	1
josh	1
joven	1
joy	1
joyous	1
juan	1
judged	1
judgment	1
judiciales	1
judiciary	1
judy	1
jugaron	1
juggle	1
jukebox	1
julia	1
jumped	1
jumping	1
jungle	1
junk	1
jury	1
justine	1
kalas	1
kanye	1
kardashians	1
kareem	1
karl	1
kart	1
kasparov	1
kastanis	1
katherine	1
katie	1
katz	1
keen	1
keepsake	1
keith	1
kelli	1
kentucky	1
kenya	1
kicking	1
kidnapped	1
kidnapping	1
kijiji	1
kill	1
kimberly	1
kingdom	1
kirchnerismo	1
kissing	1
kitschy	1
klimov	1
knife	1
knobless	1
knocking	1
knoll	1
knowingly	1
knuckled	1
kobe	1
korver	1
kosaihira	1
kovaleski	1
kristy	1
kroeger	1
kumar	1
kyo	1
label	1
laboratory	1
labored	1
labrum	1
laced	1
lacked	1
lacking	1
ladder	1
laden	1
lady	1
lag	1
lage	1
laguna	1
lakeside	1
lamar	1
lament	1
lamented	1
lamppost	1
lana	1
landslide	1
languished	1
lanky	1
lapse	1
lashing	1
lately	1
latinoamerica	1
laughing	1
laurent	1
lavado	1
lavish	1
lawrie	1
lazarus	1
leadoff	1
leaguer	1
leaked	1
leaking	1
lean	1
leaned	1
leaning	1
leapfrogging	1
leather	1
lectores	1
ledge	1
leernos	1
legality	1
legalize	1
legion	1
legislation	1
legislative	1
legislature	1
lehrer	1
len	1
leo	1
leona	1
lester	1
lethal	1
lethargic	1
letting	1
levee	1
leveling	1
liable	1
liaison	1
libby	1
liberado	1
libertarian	1
librarian	1
lick	1
lifelong	1
lifespan	1
ligament	1
ligas	1
lightweight	1
likened	1
lillian	1
lima	1
limestone	1
limitation	1
limp	1
limped	1
lindsay	1
linemen	1
lion	1
lionel	1
liquid	1
lisa	1
litigation	1
littler	1
llamado	1
llegar	1
load	1
loath	1
lobby	1
locale	1
located	1
lockheed	1
logging	1
logistical	1
lohan	1
lombard	1
lombardi	1
londinense	1
londres	1
lone	1
loo	1
looky	1
loom	1
loosely	1
lore	1
lori	1
loser	1
loudspeaker	1
loughlin	1
loving	1
lovingly	1
lowell	1
lowry	1
ltima	1
lucie	1
luckier	1
lugging	1
luke	1
lunacy	1
lunar	1
lunch	1
lure	1
lurked	1
lurks	1
luscious	1
lush	1
luxury	1
luz	1
lyft	1
lyrical	1
lys	1
macrismo	1
mad	1
maddening	1
madeira	1
madison	1
maggie	1
magistrate	1
magnet	1
magnificent	1
mail	1
maine	1
mainstream	1
maintained	1
maintainer	1
makeable	1
maker	1
makeshift	1
makeup	1
malec	1
malory	1
mam	1
mamie	1
manageable	1
manages	1
mand	1
mandatario	1
mandato	1
mania	1
manicurist	1
manifestaciones	1
manipulate	1
manjoo	1
manned	1
mansion	1
manufactured	1
manufacturer	1
manufacturing	1
mapping	1
marc	1
marcado	1
marched	1
mardy	1
margaret	1
marina	1
marine	1
mariner	1
marino	1
mario	1
marion	1
marisa	1
marking	1
marquee	1
married	1
marries	1
marshal	1
martina	1
marvel	1
marvelous	1
mary	1
mashed	1
massacre	1
massage	1
mate	1
matherthe	1
mathertiger	1
matted	1
mattersby	1
matthiesen	1
mature	1
maturity	1
maverick	1
maze	1
mazzilli	1
mazzola	1
mccool	1
mcilroys	1
mckay	1
mcknight	1
meal	1
meandered	1
meaningful	1
meantime	1
measure	1
measured	1
meatpacking	1
medalist	1
meddling	1
medicate	1
medicine	1
medidas	1
medio	1
meditation	1
medley	1
mega	1
melinadelkic	1
melinathank	1
mellon	1
melted	1
membership	1
meme	1
memento	1
memoby	1
menacing	1
menes	1
mentioned	1
meredith	1
merely	1
mesa	1
messaging	1
messenger	1
messy	1
metaforce	1
metal	1
meteorologist	1
metered	1
method	1
methodical	1
methodically	1
meticulous	1
metoo	1
metric	1
metro	1
mexicano	1
meyersseth	1
mezzo	1
mic	1
michelson	1
mickey	1
midcentury	1
middling	1
midmorning	1
midwest	1
mighty	1
migrantes	1
migration	1
mih	1
milenios	1
milestone	1
miley	1
militares	1
millsthe	1
milt	1
min	1
mina	1
minded	1
mindspopulation	1
mingle	1
miniature	1
minicamp	1
minimized	1
mining	1
ministro	1
minn	1
minoritario	1
mirror	1
miscalculated	1
misconduct	1
misdeed	1
misery	1
misfiring	1
misfortune	1
misidentified	1
misjudged	1
misplay	1
misrach	1
misread	1
misremembering	1
misrepresentation	1
missouri	1
misspelled	1
mistaken	1
misunderstood	1
mitigate	1
mixto	1
mocked	1
mode	1
moderator	1
modification	1
modified	1
modifier	1
mohan	1
moisture	1
molino	1
mom	1
momentos	1
momoa	1
moneyfor	1
monica	1
monkey	1
monopoly	1
monterey	1
montesquieu	1
monument	1
mood	1
moping	1
morality	1
morphed	1
morrison	1
mortal	1
moscow	1
moss	1
motif	1
motion	1
motocross	1
motor	1
motorcade	1
mound	1
mounting	1
movement	1
msnbc	1
mud	1
muerte	1
muestran	1
muhammad	1
muirfield	1
muling	1
mulling	1
multi	1
multinacional	1
municipality	1
muralikumar	1
murieron	1
murillo	1
murky	1
muro	1
muscle	1
muscled	1
mushroom	1
muted	1
mutter	1
mutual	1
muzaffarnagar	1
mystery	1
mysteryscience	1
mystified	1
mystifying	1
mystique	1
mythos	1
nacionalistas	1
nagging	1
nail	1
naive	1
nancy	1
nantes	1
napping	1
naruhito	1
natanson	1
natioinal	1
nationally	1
natural	1
naturales	1
navigating	1
naysayer	1
ncis	1
nea	1
neatly	1
nebulous	1
necessarily	1
necessary	1
necessity	1
needing	1
needlessly	1
neely	1
negocios	1
negotiating	1
negro	1
neighboring	1
neighbour	1
neil	1
nellie	1
nest	1
netjets	1
newark	1
newbie	1
newest	1
newly	1
newscast	1
newsroom	1
neymar	1
ngeles	1
nhl	1
nicki	1
nickname	1
nicol	1
nightby	1
nighthorse	1
nightly	1
nightmare	1
nimbleness	1
nineteen	1
ning	1
nipomo	1
nivedita	1
noir	1
noise	1
noisy	1
nombre	1
nomiyama	1
nomos	1
nomura	1
nonathletes	1
nonetheless	1
nongolfers	1
nontraditional	1
nook	1
noon	1
normandia	1
northeast	1
norwegian	1
notably	1
notch	1
notice	1
noting	1
notion	1
notorious	1
notoriously	1
notwithstanding	1
novelist	1
nowitzki	1
nowthe	1
nub	1
nuclear	1
nuestras	1
nueva	1
nuevos	1
nuisance	1
numb	1
numbering	1
nytopinion	1
oak	1
oasis	1
objetos	1
obligation	1
obligatory	1
oblique	1
observe	1
obsessed	1
obstructed	1
obtain	1
obtained	1
obtendr	1
occupied	1
oceanside	1
octogenarian	1
odebrecht	1
odometer	1
offender	1
offensive	1
offhand	1
offing	1
offs	1
offshore	1
offside	1
offstage	1
ofrecer	1
oftentimes	1
oleada	1
olsen	1
onus	1
opera	1
operate	1
opine	1
opines	1
opositor	1
opositoras	1
opposite	1
oprah	1
optimistic	1
opulent	1
orange	1
orbit	1
orbiting	1
ordeal	1
ordinary	1
ordnance	1
oregon	1
org	1
organisation	1
organismo	1
orgeron	1
origin	1
oriole	1
orlando	1
ortega	1
osos	1
osterman	1
otro	1
otros	1
ounce	1
ouster	1
outcry	1
outing	1
outline	1
outlying	1
outsider	1
outsize	1
outta	1
outward	1
overall	1
overanalyse	1
overanalyze	1
overcame	1
overestimate	1
overflowing	1
overgrown	1
overgrowth	1
overhaul	1
overlook	1
overlooked	1
overlooking	1
overly	1
overrated	1
overrode	1
overseeing	1
overshadowed	1
overshoot	1
overstatement	1
overtaken	1
overtaking	1
overturned	1
overworked	1
ownership	1
oxygen	1
p1	1
p10	1
p100	1
p101	1
p102	1
p103	1
p104	1
p105	1
p106	1
p107	1
p108	1
p109	1
p11	1
p110	1
p111	1
p112	1
p113	1
p114	1
p115	1
p116	1
p117	1
p118	1
p119	1
p12	1
p120	1
p121	1
p122	1
p123	1
p124	1
p125	1
p126	1
p127	1
p128	1
p129	1
p13	1
p130	1
p131	1
p132	1
p133	1
p134	1
p135	1
p136	1
p137	1
p138	1
p139	1
p14	1
p140	1
p141	1
p142	1
p143	1
p144	1
p145	1
p146	1
p147	1
p148	1
p149	1
p15	1
p150	1
p151	1
p152	1
p153	1
p154	1
p155	1
p156	1
p157	1
p158	1
p159	1
p16	1
p160	1
p161	1
p162	1
p163	1
p164	1
p17	1
p18	1
p19	1
p2	1
p20	1
p21	1
p22	1
p23	1
p24	1
p25	1
p26	1
p27	1
p28	1
p29	1
p3	1
p30	1
p31	1
p32	1
p33	1
p34	1
p35	1
p36	1
p37	1
p38	1
p39	1
p4	1
p40	1
p41	1
p42	1
p43	1
p44	1
p45	1
p46	1
p47	1
p48	1
p49	1
p5	1
p50	1
p51	1
p52	1
p53	1
p54	1
p55	1
p56	1
p57	1
p58	1
p59	1
p6	1
p60	1
p61	1
p62	1
p63	1
p64	1
p65	1
p66	1
p67	1
p68	1
p69	1
p7	1
p70	1
p71	1
p72	1
p73	1
p74	1
p75	1
p76	1
p77	1
p78	1
p79	1
p8	1
p80	1
p81	1
p82	1
p83	1
p84	1
p85	1
p86	1
p87	1
p88	1
p89	1
p9	1
p90	1
p91	1
p92	1
p93	1
p94	1
p95	1
p96	1
p97	1
p98	1
p99	1
pablo	1
pace	1
pacer	1
package	1
pak	1
palatial	1
palestino	1
palpable	1
panel	1
pantheon	1
papa	1
papal	1
parade	1
paradisepopulation	1
paramedic	1
pardon	1
pardoning	1
parece	1
parenthood	1
parishioner	1
parity	1
parlamentaria	1
parlance	1
parlor	1
parody	1
parrot	1
parte	1
partially	1
particular	1
partido	1
partidos	1
partly	1
partnership	1
pasadena	1
paso	1
pass	1
passage	1
passionate	1
pastor	1
patiently	1
patronage	1
patronsat	1
pattern	1
patty	1
pause	1
payment	1
payne	1
payouts	1
peabo	1
peaceful	1
peaking	1
pedal	1
pedigree	1
pedro	1
peek	1
peered	1
peering	1
pel	1
peldon	1
pellet	1
pello	1
pelted	1
penchant	1
penningtonthe	1
peor	1
perceived	1
perception	1
perch	1
perched	1
perfection	1
perfectionist	1
perfectly	1
performer	1
peril	1
perilous	1
periodista	1
perjury	1
perlman	1
permanent	1
permeate	1
permission	1
permitted	1
perpetuate	1
perry	1
persian	1
personally	1
personnel	1
perturbed	1
pervert	1
petulant	1
phenomenal	1
phenomenon	1
philandering	1
phillies	1
philosopher	1
phoned	1
photographed	1
photography	1
picker	1
picturesque	1
pidi	1
pieced	1
piercing	1
pierdas	1
pile	1
pill	1
pillar	1
ping	1
pioneer	1
pioneering	1
pioneertown	1
piston	1
planet	1
plant	1
playa	1
playboy	1
playful	1
playground	1
plc	1
pleads	1
pleasethe	1
pleasing	1
pledge	1
plentiful	1
plod	1
plopped	1
plotting	1
plucked	1
pnewberry	1
pocket	1
poco	1
podcasts	1
poderosa	1
podido	1
pointer	1
poitier	1
poker	1
poking	1
pol	1
polarizaci	1
pole	1
policiaca	1
polish	1
polit	1
polkowski	1
polled	1
polling	1
polo	1
poly	1
pondering	1
ponderosa	1
pontiac	1
pony	1
poorest	1
pope	1
populous	1
porcelain	1
porch	1
porn	1
porque	1
port	1
portland	1
portray	1
posible	1
posing	1
possum	1
postemporada	1
posture	1
potato	1
potente	1
pounce	1
pounded	1
pour	1
pouring	1
pours	1
powered	1
pragmatic	1
praised	1
precedent	1
preceding	1
precisely	1
predecessor	1
predict	1
predictability	1
prediction	1
predictive	1
predicts	1
prefecture	1
prefer	1
preference	1
pregnant	1
preliminar	1
preliminary	1
prelude	1
premature	1
premiered	1
prepara	1
prepares	1
prescient	1
presentado	1
presentarse	1
preserve	1
preserved	1
presidencial	1
pressa	1
pressan	1
pressbaton	1
pressenglewood	1
presshilton	1
presshouston	1
pressjim	1
presslas	1
pressmadison	1
presssacramento	1
presssan	1
presstiger	1
presstoday	1
presswest	1
prevail	1
prevailing	1
prevenir	1
priced	1
priceless	1
pricing	1
prided	1
primal	1
primary	1
primed	1
primer	1
primera	1
printed	1
prioritizing	1
privately	1
privileged	1
prized	1
probable	1
problemas	1
processed	1
proclaim	1
procter	1
prodding	1
prodigious	1
prodigy	1
producing	1
profesionales	1
proficient	1
profile	1
programmed	1
programming	1
progressive	1
prohibition	1
prohibits	1
projected	1
projector	1
promesa	1
promoter	1
promotes	1
promoting	1
prone	1
proof	1
propagan	1
propelled	1
proportion	1
proposal	1
propuesta	1
propulsion	1
prosaically	1
prospective	1
prostitute	1
protective	1
protects	1
protest	1
protestant	1
protester	1
protocolo	1
proudest	1
proudly	1
prowess	1
prowl	1
proximity	1
prudent	1
prudently	1
psyche	1
publicaci	1
publicado	1
publication	1
publicity	1
publisher	1
pues	1
puff	1
punching	1
punchline	1
punish	1
punishment	1
puntacana	1
puntos	1
purchased	1
purchaser	1
purple	1
purse	1
python	1
quadriceps	1
quadruple	1
qualify	1
quantify	1
quashed	1
quell	1
questionable	1
questioning	1
queue	1
qui	1
quiere	1
quieres	1
quietly	1
quinn	1
quinto	1
quirky	1
quits	1
quitting	1
quixotic	1
rachel	1
radical	1
radio	1
rafa	1
rage	1
raged	1
rail	1
rainstorm	1
raising	1
rake	1
rallying	1
ranchettes	1
rancho	1
randal	1
random	1
randy	1
rang	1
rapidez	1
rapped	1
rapper	1
rastrearlos	1
rat	1
rattled	1
raybould	1
rbbr	1
reacciones	1
reachable	1
reacting	1
reade	1
realign	1
realignment	1
realm	1
reappeared	1
reasonable	1
reassuringly	1
reboot	1
reborn	1
rebrand	1
rebranding	1
rebroadcast	1
rebuilt	1
recae	1
recapture	1
recaptured	1
recede	1
receiver	1
receives	1
recess	1
rechazo	1
recibir	1
recipe	1
recognizable	1
recoiled	1
recomendaciones	1
recommend	1
reconocido	1
reconstructs	1
recounted	1
recoverythe	1
recreation	1
recruit	1
recruiting	1
recuperar	1
redes	1
rediscover	1
rediscovered	1
redskin	1
reduced	1
reel	1
reeled	1
referee	1
refereeing	1
referendum	1
refiled	1
reflect	1
reform	1
refrain	1
refugee	1
refund	1
refuse	1
refuted	1
regained	1
regaining	1
regarded	1
reggae	1
regimen	1
regiones	1
registrar	1
regresar	1
regulator	1
regulatory	1
rehabilitation	1
reignite	1
reimagined	1
reimbursement	1
reinforce	1
reinstated	1
reinstatement	1
reiteradamente	1
reiterated	1
rejected	1
rejecting	1
rejoiced	1
rejoin	1
rekindles	1
relacionada	1
relaxed	1
releasing	1
relented	1
relevance	1
relic	1
relicensed	1
relieving	1
religious	1
religiously	1
relinquished	1
relished	1
relive	1
relocated	1
reluctance	1
reluctant	1
relying	1
remaining	1
remediation	1
remind	1
reminding	1
remodels	1
remplazar	1
remy	1
renewal	1
renovating	1
renovation	1
renowned	1
rented	1
renter	1
renting	1
reorganize	1
reorienting	1
repaid	1
repeatable	1
repeated	1
repensar	1
repetido	1
repetidos	1
replaces	1
replica	1
reply	1
reportedly	1
representaci	1
represi	1
reprieve	1
requirement	1
reread	1
rescheduled	1
researcher	1
reserved	1
reshaped	1
residence	1
resilience	1
resilient	1
resist	1
resisted	1
resonate	1
resourcefulness	1
respaldo	1
respectful	1
respecting	1
respectivamente	1
respectively	1
respecto	1
respond	1
responde	1
responsabilidad	1
restauraci	1
resting	1
restless	1
resto	1
restricted	1
resume	1
resurfaced	1
resurrect	1
resurrection	1
retaining	1
retirar	1
retirara	1
retiree	1
retiro	1
reto	1
retribution	1
reuni	1
reuterslisbon	1
reutersseoul	1
reveals	1
revel	1
revelaciones	1
reverberating	1
revered	1
reverse	1
reviewing	1
revocara	1
revolving	1
rewarded	1
rez	1
rhea	1
rhode	1
rhonda	1
rhythm	1
rib	1
riband	1
ricardo	1
richmond	1
ricky	1
rico	1
riddle	1
ridgeline	1
ridicule	1
ridiculously	1
riechmann	1
rift	1
rim	1
ring	1
ringed	1
rip	1
ripping	1
ripple	1
risked	1
risky	1
riskypopulation	1
ritzy	1
riviera	1
roadhouse	1
roadside	1
rob	1
roberto	1
robinson	1
robot	1
rocking	1
rocky	1
rodda	1
rodent	1
rogers	1
rojas	1
rolando	1
rollercoaster	1
romance	1
rome	1
romping	1
ron	1
ronaldo	1
roommate	1
roosevelt	1
rosa	1
rosario	1
roster	1
rotate	1
rotating	1
rouge	1
roundup	1
rousing	1
royalty	1
rps	1
rsm	1
rue	1
ruefully	1
ruffels	1
rummaging	1
rumor	1
runningin	1
runoff	1
runway	1
rural	1
rus	1
rushed	1
russian	1
russonellowelcome	1
rusted	1
rustic	1
rutgers	1
ryong	1
sab	1
sacramento	1
sadler	1
sal	1
salary	1
salesman	1
salinity	1
salon	1
salud	1
salute	1
salvaged	1
samantha	1
sampath	1
samtiger	1
samuel	1
sanctified	1
sanctimonious	1
sanderson	1
sang	1
sanity	1
santiago	1
sapling	1
sarahmaslinnir	1
sarcastically	1
sartorial	1
satellite	1
saturating	1
saudi	1
saundra	1
saunter	1
savor	1
savored	1
savoring	1
savour	1
scaled	1
scan	1
scandalous	1
scangarello	1
scanner	1
scantily	1
scar	1
scare	1
scared	1
scattered	1
scenario	1
schemer	1
schlepping	1
scholar	1
schroder	1
schroeder	1
schultennote	1
scintillating	1
scion	1
scoffed	1
scolding	1
scoop	1
scooter	1
scorable	1
scorer	1
scotland	1
scout	1
scrambled	1
scrapper	1
scrapping	1
screening	1
screenshots	1
screenwriter	1
scripted	1
scruple	1
sculpted	1
sculpture	1
seaboard	1
searing	1
seasonal	1
sec	1
secretary	1
secretly	1
sector	1
securing	1
sedan	1
sediment	1
seeker	1
segundos	1
seguridad	1
seize	1
seizure	1
selecci	1
select	1
selecting	1
selfie	1
semantic	1
senator	1
sensation	1
sensational	1
sentence	1
sentiment	1
separated	1
separating	1
separation	1
sequ	1
sequoia	1
seres	1
serge	1
serial	1
seriously	1
servicio	1
sesi	1
settlement	1
settling	1
setup	1
seung	1
sewage	1
sewer	1
sewn	1
shack	1
shaded	1
shadowed	1
shadwell	1
shallow	1
shame	1
shane	1
shanghai	1
sharpening	1
sharply	1
shasta	1
shattered	1
shattering	1
sheathed	1
shed	1
sheer	1
sheila	1
shelf	1
shellacked	1
shenanigan	1
shepherding	1
sheriff	1
shied	1
shigetoshi	1
shin	1
shingle	1
shining	1
shiny	1
shinzo	1
shocking	1
shoreline	1
shortstop	1
shotgun	1
shouted	1
shouting	1
showcase	1
showdown	1
shower	1
showered	1
shrewdness	1
shrink	1
shrugged	1
shrugging	1
shrunk	1
shutting	1
sidewalk	1
sideways	1
siding	1
sidney	1
sido	1
siegel	1
siete	1
sifford	1
sift	1
sifting	1
sighed	1
signada	1
signage	1
signal	1
signaled	1
signer	1
significance	1
signify	1
silhouette	1
silva	1
silvio	1
simeon	1
simulator	1
sinclair	1
singapur	1
sings	1
sir	1
sizing	1
sizzling	1
skeletal	1
sketch	1
skidded	1
skied	1
skier	1
skiing	1
skipped	1
skipping	1
skirmish	1
skirt	1
slammedthe	1
slash	1
slat	1
slate	1
sleeve	1
sliding	1
slightest	1
slime	1
slogan	1
sloppy	1
slowdown	1
sluman	1
slumming	1
smacked	1
smacking	1
smallwood	1
smartphone	1
smartphones	1
smash	1
smirk	1
smirked	1
smithson	1
smoltz	1
smoothly	1
snagged	1
snake	1
snakebit	1
snapping	1
snare	1
snaring	1
snickered	1
snippet	1
soak	1
soaked	1
soar	1
soberana	1
sobornos	1
sobrevivi	1
sociales	1
socialista	1
sociedad	1
sofa	1
softly	1
soggy	1
soil	1
sola	1
solace	1
soldiered	1
solely	1
soliciting	1
solitary	1
solves	1
solving	1
sometime	1
songwriter	1
sonia	1
sony	1
sooner	1
sophistication	1
soportar	1
soprano	1
sordid	1
sore	1
soreness	1
sorvino	1
soul	1
soulmate	1
sour	1
southeast	1
southeastern	1
southwest	1
southwestern	1
spa	1
spacex	1
spacious	1
span	1
spaniard	1
sparkling	1
sparring	1
speaker	1
speaks	1
spearing	1
specialty	1
specify	1
spectacular	1
spectacularly	1
spector	1
spectrum	1
speculation	1
speculative	1
spellbinding	1
spiffy	1
spike	1
spiked	1
spilled	1
spinning	1
spiraled	1
spirit	1
spiritually	1
splashdown	1
splinter	1
spoil	1
spondylitis	1
sponge	1
spontaneity	1
spoofing	1
sportsman	1
spotify	1
spotted	1
sprain	1
sprawled	1
sprawling	1
spray	1
springtime	1
sprint	1
sprinting	1
sprouted	1
sprung	1
spur	1
squadron	1
squandered	1
squandering	1
squarely	1
squashed	1
squat	1
squirreling	1
squirrelly	1
stabbed	1
stabbing	1
stability	1
stacey	1
stadium	1
staffed	1
staggered	1
staggering	1
staging	1
stagnated	1
staind	1
stainless	1
stair	1
stalked	1
stance	1
stanfordc	1
stanley	1
staple	1
stared	1
starring	1
statistic	1
stats	1
steadiness	1
steakhouse	1
steam	1
steel	1
steeplechaser	1
steering	1
stefan	1
steffi	1
stellar	1
stemming	1
stenson	1
stepchild	1
steph	1
stephanie	1
stepping	1
sterling	1
stern	1
sticker	1
sticking	1
stico	1
stiffed	1
stifle	1
stint	1
stitching	1
stockbroker	1
stocked	1
stockpiled	1
stolen	1
storefront	1
storey	1
storied	1
storming	1
storyline	1
stotts	1
straddle	1
straightforward	1
strain	1
strangely	1
stratolaunch	1
streetadvertisement	1
streetwhich	1
strengthened	1
stressful	1
stressing	1
stretching	1
stricker	1
strict	1
stricter	1
striding	1
strike	1
strikingly	1
stringent	1
stringer	1
stringing	1
stripped	1
stroking	1
strolled	1
strongly	1
strung	1
stubhub	1
studded	1
studied	1
stuffy	1
stump	1
stung	1
sub	1
subdued	1
subletting	1
submerged	1
submitting	1
subsequent	1
subtle	1
suburbpopulation	1
succinct	1
succumbing	1
sucesos	1
sucking	1
sudan	1
suelen	1
suficiente	1
sugerencias	1
suggested	1
suggests	1
suiting	1
sullivanif	1
suministro	1
summarizes	1
summarizing	1
sumo	1
sumter	1
sunburned	1
sundress	1
sunrise	1
sunseekers	1
superb	1
superbook	1
supervisor	1
supplemented	1
supplier	1
suppose	1
supremacist	1
surabian	1
surfer	1
surgically	1
surpass	1
surpassed	1
surplus	1
survive	1
survives	1
survivor	1
susan	1
suscrito	1
suspend	1
suspension	1
suspicion	1
sustain	1
sustainable	1
sustained	1
suzuki	1
swamping	1
swanky	1
swapping	1
sway	1
swazi	1
sweat	1
swedish	1
swell	1
sweltering	1
swiftest	1
swimming	1
switched	1
symmetry	1
synagogue	1
tacky	1
tacoma	1
tag	1
tailoring	1
tailwind	1
takeaway	1
talented	1
talisman	1
tan	1
tanked	1
tantalizingly	1
tanto	1
tape	1
tapered	1
targeted	1
targeting	1
tariff	1
tarnished	1
tatiana	1
taylor	1
taylormade	1
tbonz	1
tchaikovsky	1
teared	1
teen	1
teenage	1
teeter	1
telescopio	1
teller	1
temor	1
temper	1
temperament	1
temperamental	1
temperaturas	1
tempo	1
temporary	1
tend	1
tended	1
tendon	1
tengo	1
tenido	1
tepid	1
terminate	1
terreno	1
terribly	1
territorio	1
terry	1
testicular	1
testing	1
tex	1
textbook	1
texto	1
tgr	1
thanked	1
thankful	1
thanking	1
thehunt	1
themed	1
theory	1
therapy	1
thicket	1
thirsty	1
thirty	1
thorny	1
thorough	1
threaded	1
threading	1
threatening	1
thrived	1
thriving	1
throat	1
throwback	1
thunderous	1
thunderstruck	1
tibia	1
ticos	1
tidy	1
tienes	1
tiered	1
tigerwith	1
tilt	1
timeline	1
timesaugusta	1
timesbut	1
timesthe	1
timo	1
timothy	1
tipped	1
tirico	1
titleist	1
tnt	1
todd	1
toddled	1
toggle	1
toilet	1
toledo	1
tolerance	1
tolerated	1
toll	1
tomfriedman	1
ton	1
tongue	1
topgolf	1
topping	1
torch	1
torched	1
tore	1
torque	1
torres	1
touching	1
tougher	1
toughest	1
toured	1
tourscolombia	1
touted	1
trabajaba	1
trabajaban	1
trabajo	1
traced	1
tracking	1
trader	1
traficantes	1
tragedy	1
tragic	1
trajectory	1
tranquillity	1
transcended	1
transfer	1
transferirlo	1
transformation	1
transformational	1
transition	1
translates	1
translator	1
transport	1
trap	1
trapping	1
tratos	1
trav	1
travelled	1
traverse	1
treinta	1
trek	1
trekking	1
tribal	1
tribune	1
tribute	1
trickle	1
trickled	1
trigger	1
trimmer	1
tripped	1
tristeza	1
triunfa	1
troubled	1
trove	1
troy	1
truism	1
truncated	1
trundle	1
trusted	1
tsunami	1
tubbs	1
tugged	1
tumbled	1
tumbler	1
tumin	1
tumultuous	1
tuned	1
turbulent	1
turf	1
turin	1
turnaround	1
turnout	1
turtleneck	1
tus	1
tutor	1
tway	1
tweak	1
twitterverse	1
tycoon	1
typical	1
tyranny	1
tyrrell	1
ubiquitous	1
uday	1
ugly	1
ulnar	1
umbarger	1
unacceptable	1
unattractive	1
unavoidable	1
unbelievable	1
unbothered	1
unbridled	1
uncertain	1
uncertainty	1
unchanged	1
uncharacteristic	1
unchecked	1
uncommon	1
unconventional	1
underbelly	1
undercutting	1
underestimate	1
underfoot	1
undergoing	1
undermine	1
undermined	1
underneath	1
understated	1
underway	1
underwent	1
underwhelming	1
undeveloped	1
undo	1
undocumented	1
undoubtedly	1
uneducated	1
unenforceable	1
unfairly	1
unfamiliar	1
unfazed	1
unfiltered	1
unfold	1
unforgiving	1
unfulfilled	1
unglamorous	1
unhappy	1
unheard	1
unidas	1
unidentified	1
uniform	1
uninspiring	1
universe	1
univision	1
unleashed	1
unlimited	1
unmatched	1
unnecessary	1
unos	1
unpaved	1
unprecedented	1
unquestionably	1
unravels	1
unreasonable	1
unrecognized	1
unrelated	1
unreported	1
unsafe	1
unscheduled	1
unseasonable	1
unsecured	1
unseemly	1
unshakable	1
unstoppable	1
unstructured	1
unsure	1
untested	1
untrimmed	1
untruthful	1
unvarnished	1
unveiled	1
unveiling	1
unwittingly	1
unyielding	1
updated	1
uploaded	1
uproariously	1
upset	1
upside	1
upslope	1
upward	1
urged	1
urgent	1
url	1
vacated	1
valentina	1
valery	1
valor	1
valspar	1
valuable	1
vanity	1
vanquished	1
varios	1
vary	1
vaticano	1
vault	1
vaulted	1
vaulting	1
vaya	1
velde	1
velocidad	1
ven	1
venetian	1
venezolana	1
venturi	1
ver	1
vera	1
veracruz	1
verbiage	1
versatility	1
veto	1
vic	1
vicepresidente	1
vicinity	1
vick	1
vicky	1
victimized	1
victoria	1
viewerships	1
village	1
vince	1
vindication	1
vine	1
violado	1
violated	1
violation	1
violator	1
violence	1
violin	1
viral	1
virales	1
visibly	1
viste	1
viven	1
vivian	1
vividly	1
vivieron	1
vocal	1
vociferous	1
voiced	1
volatile	1
volleyball	1
volume	1
voluminous	1
voluntary	1
volverse	1
volvieron	1
voodoo	1
voracidad	1
vortex	1
voter	1
votos	1
vowed	1
vuelven	1
vulnerability	1
vyas	1
vying	1
waggoner	1
wahoo	1
waitress	1
waived	1
walker	1
walkthrough	1
walkway	1
waller	1
walter	1
wardrobe	1
warmth	1
warned	1
washer	1
watery	1
weaker	1
wealthier	1
wealthy	1
weapon	1
weatherman	1
web	1
weber	1
webinar	1
wedded	1
wee	1
weeknight	1
weektiger	1
weigh	1
weighty	1
weinberg	1
weiner	1
weird	1
weirder	1
weissvoorhees	1
welcoming	1
wendy	1
wes	1
westgate	1
whenever	1
whine	1
whipped	1
whisker	1
whittled	1
wholesale	1
wi	1
widened	1
widening	1
wideouts	1
widow	1
width	1
wielded	1
wilder	1
wilderness	1
wildlife	1
williamstunica	1
willingness	1
wilson	1
wincing	1
windemere	1
windfall	1
winding	1
winfield	1
winfrey	1
wingspan	1
winston	1
winter	1
wipe	1
wiped	1
wiretap	1
wisely	1
wishers	1
wishing	1
withdrawal	1
withdraws	1
withholding	1
withstanding	1
wizard	1
woke	1
woodbine	1
woods	1
woolsey	1
wooooooo	1
woosie	1
workout	1
worrying	1
worship	1
wrap	1
wrecking	1
wrested	1
wrestle	1
wrestled	1
wrongful	1
wrongfully	1
wry	1
wryly	1
wwor	1
xenophobia	1
xiv	1
yacht	1
yahoo	1
yanking	1
yearlong	1
yearly	1
yelled	1
yeon	1
yielded	1
yon	1
yoon	1
yujing	1
yuwa	1
zealously	1
zquez	1
